county_clean,county_fips_full,year,total_occupied_units,owner_occupied_total,renter_occupied_total,owner_rate,renter_rate,owner_occupied_hh_15_24,owner_occupied_hh_25_34,owner_occupied_hh_35_44,owner_occupied_hh_45_54,owner_occupied_hh_55_59,owner_occupied_hh_60_64,owner_occupied_hh_65_74,owner_occupied_hh_75_84,owner_occupied_hh_85_plus,renter_occupied_hh_15_24,renter_occupied_hh_25_34,renter_occupied_hh_35_44,renter_occupied_hh_45_54,renter_occupied_hh_55_59,renter_occupied_hh_60_64,renter_occupied_hh_65_74,renter_occupied_hh_75_84,renter_occupied_hh_85_plus
Atlantic,34001,2005,94472,68970,25502,0.7300575831992548,0.2699424168007452,980,7452,14735,16400,6754,5659,7839,7595,1556,3410,6992,7108,6368,1624,0,0,0,0
Bergen,34003,2005,308799,225175,83624,0.7291960142357974,0.2708039857642026,763,13773,50079,54557,24781,20251,28909,24520,7542,4393,25468,25357,20069,8337,0,0,0,0
Burlington,34005,2005,157638,129201,28437,0.8196056788337838,0.18039432116621626,1360,14486,28484,34191,11863,10931,14120,11495,2271,3498,9908,6761,5952,2318,0,0,0,0
Camden,34007,2005,178294,130576,47718,0.7323633997778949,0.26763660022210506,1141,14690,26698,33575,14054,10884,14414,12701,2419,6026,14571,13478,10447,3196,0,0,0,0
Cape May,34009,2005,40743,34101,6642,0.8369781312127237,0.16302186878727634,257,2457,5958,7586,3447,3174,5332,4618,1272,1123,2035,1614,1190,680,0,0,0,0
Cumberland,34011,2005,46029,34344,11685,0.7461383041126246,0.25386169588737534,776,4071,6423,8410,3555,2909,4186,3237,777,1981,3381,3641,1916,766,0,0,0,0
Essex,34013,2005,250286,132585,117701,0.5297339843219357,0.4702660156780643,971,11017,28395,34421,14952,11532,15752,12012,3533,10645,34507,33053,28589,10907,0,0,0,0
Gloucester,34015,2005,95668,80615,15053,0.8426537609231927,0.15734623907680728,273,9772,18644,21321,7993,5821,8381,6971,1439,3407,3789,4038,2848,971,0,0,0,0
Hudson,34017,2005,196913,75231,121682,0.3820519721907644,0.6179480278092355,799,9897,14650,18842,7464,6349,7960,7236,2034,8879,38024,38919,26326,9534,0,0,0,0
Hunterdon,34019,2005,44718,40419,4299,0.9038642157520461,0.09613578424795384,78,3369,9341,12062,4757,3948,3855,2390,619,388,1299,900,1078,634,0,0,0,0
Mercer,34021,2005,118887,88365,30522,0.7432688182896364,0.25673118171036363,1007,8706,20321,21495,9498,7613,10234,6440,3051,3170,10737,7011,6338,3266,0,0,0,0
Middlesex,34023,2005,253677,181911,71766,0.7170969382324768,0.2829030617675233,1120,17589,42087,44836,19302,16458,19114,16671,4734,7032,23811,22051,15564,3308,0,0,0,0
Monmouth,34025,2005,217262,176093,41169,0.8105098912833353,0.18949010871666466,1972,13238,41245,47742,18974,15354,20124,13258,4186,3325,13644,11247,8835,4118,0,0,0,0
Morris,34027,2005,163413,132422,30991,0.8103516856064084,0.1896483143935917,270,11885,31996,33834,14708,13473,14373,9372,2511,2483,9406,9147,7130,2825,0,0,0,0
Ocean,34029,2005,214756,181891,32865,0.846965858928272,0.1530341410717279,1207,17618,30297,34334,13365,15558,28981,32023,8508,4362,10506,9134,7054,1809,0,0,0,0
Passaic,34031,2005,147251,92153,55098,0.625822575058913,0.37417742494108697,694,8896,19101,21795,9521,8550,10855,9543,3198,4719,12880,16129,15360,6010,0,0,0,0
Salem,34033,2005,23181,18979,4202,0.8187308571675078,0.18126914283249213,264,2137,3254,5135,2255,1296,2069,2141,428,619,1142,1463,833,145,0,0,0,0
Somerset,34035,2005,109658,93736,15922,0.8548031151397982,0.1451968848602017,702,9291,25892,23770,8881,8494,8167,6574,1965,1292,5451,5500,2773,906,0,0,0,0
Sussex,34037,2005,53508,46764,6744,0.8739627719219556,0.1260372280780444,183,5222,11648,12927,5176,4102,4348,2390,768,426,1152,2284,2482,400,0,0,0,0
Union,34039,2005,168403,119114,49289,0.7073151903469653,0.29268480965303467,772,10248,27283,28143,13644,9859,13795,11379,3991,3922,14224,15382,10741,5020,0,0,0,0
Warren,34041,2005,40400,31427,8973,0.7778960396039604,0.2221039603960396,153,3577,7083,8140,2918,3175,2700,2586,1095,181,2418,2849,2477,1048,0,0,0,0
Atlantic,34001,2006,97184,70698,26486,0.7274654264076391,0.2725345735923609,276,7362,14273,17375,7436,6480,9335,6296,1865,2105,8260,7715,6206,2200,0,0,0,0
Bergen,34003,2006,309227,226828,82399,0.7335323241502197,0.26646767584978026,669,14659,49281,55851,24861,22206,29594,21897,7810,4435,21916,27255,21128,7665,0,0,0,0
Burlington,34005,2006,156654,128053,28601,0.8174256642026376,0.18257433579736235,871,14549,27282,31939,12861,12272,15312,10603,2364,2834,8600,9734,5247,2186,0,0,0,0
Camden,34007,2006,175590,134155,41435,0.7640241471610001,0.23597585283899994,1686,14284,30381,33856,15493,10694,14354,10318,3089,3937,14199,9955,10467,2877,0,0,0,0
Cape May,34009,2006,43193,33571,9622,0.7772324219202186,0.22276757807978145,692,2648,5464,6617,2483,3428,5683,4651,1905,1290,3945,2476,1535,376,0,0,0,0
Cumberland,34011,2006,46559,33336,13223,0.7159947593376147,0.28400524066238536,194,4996,6808,7332,3688,2415,4009,2967,927,1453,4060,4192,2263,1255,0,0,0,0
Essex,34013,2006,246704,133992,112712,0.5431286075620987,0.4568713924379013,556,11569,28632,33248,16123,11419,16777,11422,4246,7833,32310,34707,26660,11202,0,0,0,0
Gloucester,34015,2006,94736,81394,13342,0.8591665259246749,0.14083347407532512,833,10366,18459,21731,8183,6221,8926,5346,1329,1740,5192,3069,2271,1070,0,0,0,0
Hudson,34017,2006,194778,76700,118078,0.3937816385834129,0.6062183614165871,377,10476,17628,18193,6912,6307,8798,5627,2382,7172,35989,38880,24782,11255,0,0,0,0
Hunterdon,34019,2006,44165,39999,4166,0.9056719121476282,0.09432808785237179,41,2751,8956,12296,4884,4241,4045,2139,646,290,983,1578,963,352,0,0,0,0
Mercer,34021,2006,118171,87262,30909,0.7384383647426187,0.26156163525738124,397,7265,20709,21275,9412,8240,9334,8167,2463,2898,11521,7247,6582,2661,0,0,0,0
Middlesex,34023,2006,255663,181635,74028,0.7104469555625961,0.28955304443740393,546,16415,41447,46134,20536,14747,21521,15820,4469,4865,24050,23890,15156,6067,0,0,0,0
Monmouth,34025,2006,215538,177418,38120,0.8231402351325521,0.17685976486744798,1056,14227,38986,47436,22598,15395,20989,12949,3782,4354,10783,9844,9907,3232,0,0,0,0
Morris,34027,2006,166070,133762,32308,0.805455530800265,0.19454446919973506,322,11307,31577,36117,15254,12525,14873,9301,2486,2315,9156,10498,7589,2750,0,0,0,0
Ocean,34029,2006,213481,183953,29528,0.8616832411315293,0.13831675886847072,1191,17262,33477,34327,13831,15431,27038,30304,11092,2793,10777,8833,5434,1691,0,0,0,0
Passaic,34031,2006,146290,87811,58479,0.6002529222776677,0.39974707772233237,314,6692,19913,22679,10355,8168,11221,6246,2223,4858,16571,17940,13222,5888,0,0,0,0
Salem,34033,2006,23009,17534,5475,0.7620496327524012,0.23795036724759877,251,1145,3767,4685,1527,1691,2554,1253,661,844,2156,883,1345,247,0,0,0,0
Somerset,34035,2006,108657,90441,18216,0.8323531847925122,0.16764681520748778,610,8335,22017,26729,9937,7524,8412,4926,1951,1114,5677,5521,4885,1019,0,0,0,0
Sussex,34037,2006,53038,46096,6942,0.8691127116407105,0.13088728835928956,191,4889,11437,12261,6184,3991,4474,2112,557,655,2388,1741,1978,180,0,0,0,0
Union,34039,2006,169778,114852,54926,0.6764834077442307,0.3235165922557693,662,8440,24672,31585,13533,9399,12636,10035,3890,3560,14950,20386,12266,3764,0,0,0,0
Warren,34041,2006,39388,30818,8570,0.7824210419417081,0.21757895805829186,81,2724,7774,7915,3298,2195,3645,2335,851,149,2581,2324,2810,706,0,0,0,0
Atlantic,34001,2007,96370,72038,24332,0.747514786759365,0.25248521324063505,369,7737,15276,18810,6916,6362,9259,5422,1887,2324,7572,6390,5023,3023,0,0,0,0
Bergen,34003,2007,308882,229885,78997,0.7442486127388452,0.25575138726115476,1018,16694,46379,58934,24957,22888,29380,21038,8597,4791,21706,26337,19286,6877,0,0,0,0
Burlington,34005,2007,158816,128970,29846,0.8120718315534958,0.18792816844650412,486,13500,28755,31527,14421,10969,15935,11592,1785,1861,11276,8005,6083,2621,0,0,0,0
Camden,34007,2007,180526,134491,46035,0.7449951807495874,0.2550048192504127,740,15582,29802,35004,14055,12161,15414,9698,2035,7760,12611,11791,9944,3929,0,0,0,0
Cape May,34009,2007,44395,33841,10554,0.7622705259601307,0.23772947403986935,984,2504,5574,6627,3154,3743,5289,4926,1040,1768,4223,2102,1892,569,0,0,0,0
Cumberland,34011,2007,47978,35370,12608,0.7372128892409021,0.26278711075909794,336,3210,6977,8681,3442,3646,4985,2994,1099,915,5533,3330,2511,319,0,0,0,0
Essex,34013,2007,242533,131375,111158,0.5416788643194946,0.4583211356805053,464,10101,27511,35562,14232,12281,16308,11664,3252,8547,32419,32877,26340,10975,0,0,0,0
Gloucester,34015,2007,96613,80363,16250,0.8318031734859698,0.1681968265140302,381,8815,19442,20624,9109,6819,8003,6125,1045,2688,4533,3711,3897,1421,0,0,0,0
Hudson,34017,2007,199552,80109,119443,0.401444235086594,0.598555764913406,392,10390,18264,18209,8227,7089,9354,5954,2230,8164,36069,37424,28029,9757,0,0,0,0
Hunterdon,34019,2007,45981,41622,4359,0.905199973902264,0.09480002609773602,25,3169,9838,11226,5639,3656,4850,2687,532,131,1226,1285,1234,483,0,0,0,0
Mercer,34021,2007,120426,89546,30880,0.7435769684287447,0.2564230315712554,354,8669,19562,22409,10061,8557,10680,7297,1957,3427,9114,7493,8409,2437,0,0,0,0
Middlesex,34023,2007,257252,182242,75010,0.7084182047175532,0.29158179528244677,856,15712,42495,49035,18874,15234,21520,14635,3881,5046,25908,24256,15895,3905,0,0,0,0
Monmouth,34025,2007,218598,174955,43643,0.8003504149168794,0.1996495850831206,613,13479,36496,49807,21338,16207,21114,11382,4519,2907,12526,12339,12127,3744,0,0,0,0
Morris,34027,2007,166161,133747,32414,0.8049241398402754,0.1950758601597246,83,9183,31084,36370,15240,13961,16286,8642,2898,2209,10829,7711,8481,3184,0,0,0,0
Ocean,34029,2007,213870,184003,29867,0.8603497451723009,0.13965025482769908,1255,18589,29914,37552,14663,14344,26549,29368,11769,2917,9982,9448,5813,1707,0,0,0,0
Passaic,34031,2007,142090,88013,54077,0.6194172707438947,0.3805827292561053,193,6457,19410,21966,10316,8826,11308,6811,2726,3500,14713,17662,14074,4128,0,0,0,0
Salem,34033,2007,24236,19888,4348,0.8205974583264565,0.1794025416735435,135,2480,4052,4327,2364,1591,2712,1779,448,669,1206,1146,929,398,0,0,0,0
Somerset,34035,2007,107646,90834,16812,0.8438214146368653,0.15617858536313473,146,6817,21522,25338,10408,7977,11063,6213,1350,1062,5413,5239,4157,941,0,0,0,0
Sussex,34037,2007,52546,46162,6384,0.878506451490123,0.12149354850987706,289,4586,10306,13941,4932,4372,4729,2394,613,283,1557,1545,2055,944,0,0,0,0
Union,34039,2007,166993,109362,57631,0.6548897259166552,0.3451102740833448,284,7172,24209,29958,11501,9138,12681,10420,3999,2912,15431,18160,16579,4549,0,0,0,0
Warren,34041,2007,39524,32182,7342,0.8142394494484364,0.1857605505515636,115,3475,7196,8091,2936,3199,3349,3080,741,1067,1477,2905,1499,394,0,0,0,0
Atlantic,34001,2008,93669,73110,20559,0.780514364410851,0.21948563558914902,459,6440,15317,19872,6587,5942,9820,6124,2549,1499,6793,5348,4678,2241,0,0,0,0
Bergen,34003,2008,309900,225394,84506,0.7273120361406905,0.27268796385930943,388,13103,44258,59807,24239,23632,30956,20752,8259,4195,25253,26869,19851,8338,0,0,0,0
Burlington,34005,2008,158313,130118,28195,0.8219034444423389,0.1780965555576611,452,13566,27876,33424,13144,11999,16532,9942,3183,2120,9293,8544,6637,1601,0,0,0,0
Camden,34007,2008,178527,132436,46091,0.7418261663501879,0.25817383364981206,1415,14145,25574,35709,14897,11625,15211,9889,3971,5715,15067,12406,9228,3675,0,0,0,0
Cape May,34009,2008,45237,35975,9262,0.7952560956738952,0.20474390432610473,531,3841,5609,7506,3706,3007,5917,4228,1630,1609,2716,3120,1526,291,0,0,0,0
Cumberland,34011,2008,47386,35093,12293,0.7405773857257418,0.2594226142742582,186,3817,7196,8378,2991,4186,4194,2912,1233,791,5165,3135,1993,1209,0,0,0,0
Essex,34013,2008,246478,129621,116857,0.5258927774486972,0.4741072225513028,705,9573,27492,33821,14737,13126,16368,10159,3640,10888,33535,33258,29384,9792,0,0,0,0
Gloucester,34015,2008,97594,81322,16272,0.8332684386335225,0.16673156136647746,760,10211,17990,20803,8689,6699,9477,5547,1146,1927,4330,4859,4093,1063,0,0,0,0
Hudson,34017,2008,204723,82951,121772,0.40518652032258223,0.5948134796774178,102,9586,21269,19288,7913,7495,9250,5873,2175,8437,34122,39071,29600,10542,0,0,0,0
Hunterdon,34019,2008,45823,41231,4592,0.8997883159112237,0.10021168408877638,16,3781,10214,11174,5110,3436,4564,2352,584,438,887,759,2056,452,0,0,0,0
Mercer,34021,2008,118667,86375,32292,0.727877168884357,0.27212283111564295,305,8450,18156,21230,9734,8390,10425,7307,2378,2727,11284,8453,7513,2315,0,0,0,0
Middlesex,34023,2008,260318,183995,76323,0.7068085956407164,0.29319140435928365,474,13897,42999,47464,22203,15860,20857,14968,5273,6302,27512,21310,15699,5500,0,0,0,0
Monmouth,34025,2008,217084,175924,41160,0.810395975751322,0.18960402424867792,724,11946,35362,48454,22216,17590,22732,12253,4647,3924,13474,10471,10689,2602,0,0,0,0
Morris,34027,2008,168350,133595,34755,0.7935550935550936,0.20644490644490646,200,8320,29208,37276,13930,15521,17489,8925,2726,2092,11370,9110,8885,3298,0,0,0,0
Ocean,34029,2008,213503,181757,31746,0.8513088809056547,0.1486911190943453,1241,17952,28908,34644,14838,15159,26207,31999,10809,2610,11509,8472,6983,2172,0,0,0,0
Passaic,34031,2008,140260,89413,50847,0.6374803935548268,0.3625196064451732,482,6385,19017,22564,10423,8310,12609,6934,2689,2894,12243,17339,13507,4864,0,0,0,0
Salem,34033,2008,22489,17517,4972,0.7789141357997243,0.22108586420027568,82,2036,3455,4159,1901,1848,2264,1344,428,451,1797,1040,923,761,0,0,0,0
Somerset,34035,2008,106659,89003,17656,0.8344631020354588,0.1655368979645412,186,6122,21644,26126,9011,8298,10486,5404,1726,594,6404,4894,4355,1409,0,0,0,0
Sussex,34037,2008,53750,47097,6653,0.8762232558139534,0.1237767441860465,184,4271,10844,12488,6946,4188,5353,2290,533,538,1266,1656,2533,660,0,0,0,0
Union,34039,2008,166763,110906,55857,0.6650516001750988,0.3349483998249012,558,7625,21709,28567,13704,10786,13016,10362,4579,3427,12635,19151,15042,5602,0,0,0,0
Warren,34041,2008,39923,31141,8782,0.7800265511108885,0.21997344888911155,101,2535,6925,9749,3027,2268,3428,2318,790,480,2587,2651,2247,817,0,0,0,0
Atlantic,34001,2009,93876,71846,22030,0.7653287315181729,0.2346712684818271,165,6117,13186,19467,7619,6950,10632,5673,2037,2179,6512,5656,5593,2090,0,0,0,0
Bergen,34003,2009,309815,221717,88098,0.7156432064296435,0.2843567935703565,1563,14459,42218,58791,23148,22848,29058,20107,9525,5089,28399,24382,20514,9714,0,0,0,0
Burlington,34005,2009,159896,129454,30442,0.8096137489368089,0.19038625106319107,975,10957,26387,32990,14103,12403,16367,11151,4121,3257,9036,8101,6548,3500,0,0,0,0
Camden,34007,2009,179302,133895,45407,0.7467568683004093,0.2532431316995906,748,15079,25702,33390,14416,12328,16498,12054,3680,4133,15299,11270,11567,3138,0,0,0,0
Cape May,34009,2009,43796,31715,12081,0.7241528906749475,0.2758471093250525,299,1754,3173,7596,3673,3360,7007,3962,891,3806,2656,2794,1786,1039,0,0,0,0
Cumberland,34011,2009,47454,34941,12513,0.7363130610696674,0.2636869389303325,203,4175,5792,8380,3745,3664,4665,3101,1216,980,3820,4099,2728,886,0,0,0,0
Essex,34013,2009,242056,127336,114720,0.5260600852695244,0.4739399147304756,592,9297,26181,30254,16619,13583,16039,10988,3783,7980,35134,33106,27243,11257,0,0,0,0
Gloucester,34015,2009,96860,82227,14633,0.8489262853603139,0.15107371463968614,564,10038,17638,21479,9009,7218,8765,5749,1767,1348,4862,3868,3725,830,0,0,0,0
Hudson,34017,2009,203426,77368,126058,0.3803250321984407,0.6196749678015593,222,11409,18520,17123,7125,6850,8300,6349,1470,6960,47343,32956,28198,10601,0,0,0,0
Hunterdon,34019,2009,44957,39498,5459,0.8785728585092422,0.12142714149075784,71,1743,8360,12510,4667,3933,4501,2661,1052,237,1228,1763,1758,473,0,0,0,0
Mercer,34021,2009,116280,83419,32861,0.7173976608187135,0.2826023391812866,89,7180,16384,21473,8802,9357,10743,7204,2187,2391,9969,8414,10070,2017,0,0,0,0
Middlesex,34023,2009,255681,181798,73883,0.7110344530880277,0.28896554691197235,240,15064,37289,49660,19179,15742,23208,16013,5403,4219,26866,20753,15332,6713,0,0,0,0
Monmouth,34025,2009,216274,172360,43914,0.796952014574105,0.20304798542589492,560,9334,34563,49597,20689,17804,22416,12979,4418,3567,12650,12497,11264,3936,0,0,0,0
Morris,34027,2009,164990,134254,30736,0.8137099218134433,0.18629007818655677,219,8725,29583,37481,14360,13952,16664,9284,3986,2352,8773,8924,7936,2751,0,0,0,0
Ocean,34029,2009,207441,177786,29655,0.8570436895309992,0.1429563104690008,319,14046,26717,34086,16814,17125,33878,26536,8265,2261,7895,7786,9306,2407,0,0,0,0
Passaic,34031,2009,142740,88986,53754,0.6234131988230349,0.37658680117696514,393,6564,16187,22792,10757,8111,12652,8805,2725,2363,14763,18000,13899,4729,0,0,0,0
Salem,34033,2009,23949,19049,4900,0.7953985552632677,0.20460144473673222,88,2125,3615,3884,2016,2154,2592,1706,869,336,1611,1208,1382,363,0,0,0,0
Somerset,34035,2009,109422,88347,21075,0.8073970499533915,0.19260295004660855,192,6816,20318,25149,10014,8294,10620,5059,1885,1011,6633,6904,4550,1977,0,0,0,0
Sussex,34037,2009,53813,46913,6900,0.8717781948599781,0.12822180514002193,152,4471,9565,14263,4663,5125,5494,2499,681,626,1429,1780,2149,916,0,0,0,0
Union,34039,2009,170411,113582,56829,0.6665180064667187,0.3334819935332813,206,8481,21509,29568,12849,11203,14550,10285,4931,3480,16437,16677,14696,5539,0,0,0,0
Warren,34041,2009,38861,30060,8801,0.7735261573299709,0.22647384267002907,70,2633,5279,9058,2644,3195,3875,2347,959,739,1969,3623,1819,651,0,0,0,0
Atlantic,34001,2010,92993,73515,19478,0.7905433742324691,0.20945662576753088,419,6391,13499,19945,8036,7150,9828,6402,1845,2231,4280,5247,5116,2604,0,0,0,0
Bergen,34003,2010,307017,220179,86838,0.717155727533003,0.28284427246699695,437,13664,41040,53508,27610,21387,31315,22382,8836,5543,24801,24039,23234,9221,0,0,0,0
Burlington,34005,2010,155930,129352,26578,0.8295517219265055,0.17044827807349452,379,11305,22884,35988,13094,13714,17218,11323,3447,1899,8691,7394,7188,1406,0,0,0,0
Camden,34007,2010,174773,127365,47408,0.7287452867433757,0.2712547132566243,1479,12602,25408,30404,14465,14154,16247,9860,2746,3681,15373,11761,12054,4539,0,0,0,0
Cape May,34009,2010,40002,32537,7465,0.8133843307834608,0.18661566921653916,568,1863,3976,6507,3835,4328,6336,4082,1042,897,2388,1455,1863,862,0,0,0,0
Cumberland,34011,2010,46555,33219,13336,0.7135431210396306,0.2864568789603695,354,2836,5026,8349,3640,3925,5007,2818,1264,1686,3596,3851,2311,1892,0,0,0,0
Essex,34013,2010,245043,127663,117380,0.5209820317250442,0.4790179682749558,701,8471,26045,32130,15571,11782,17786,10980,4197,6824,34652,34347,31046,10511,0,0,0,0
Gloucester,34015,2010,99810,83913,15897,0.8407273820258491,0.15927261797415088,599,9639,17670,20343,8742,8062,11591,5984,1283,1788,3284,4428,5040,1357,0,0,0,0
Hudson,34017,2010,207502,80579,126923,0.3883287871924126,0.6116712128075874,312,11693,16578,17612,8941,6618,9731,6133,2961,6266,44344,36138,29650,10525,0,0,0,0
Hunterdon,34019,2010,46068,40191,5877,0.8724277155509247,0.12757228444907528,0,1772,7231,12695,5676,4075,5378,2811,553,263,1978,1372,1845,419,0,0,0,0
Mercer,34021,2010,122231,88812,33419,0.7265914538864936,0.2734085461135064,238,7776,18733,22273,10791,7770,10736,7608,2887,3064,9442,7974,8893,4046,0,0,0,0
Middlesex,34023,2010,262849,185748,77101,0.706671891466203,0.293328108533797,165,14323,35180,49219,21726,19321,23492,16425,5897,5331,26951,23606,15782,5431,0,0,0,0
Monmouth,34025,2010,218593,176443,42150,0.8071758930981321,0.19282410690186785,748,11026,32657,50327,20838,17972,22881,14811,5183,3539,12431,10578,11534,4068,0,0,0,0
Morris,34027,2010,167956,137596,30360,0.8192383719545595,0.18076162804544046,85,9429,27301,37911,16822,12808,18373,10503,4364,1618,7917,9657,8368,2800,0,0,0,0
Ocean,34029,2010,211752,180097,31655,0.8505090861007216,0.1494909138992784,764,13053,25116,34547,16218,21329,32967,26178,9925,2175,10208,8057,8308,2907,0,0,0,0
Passaic,34031,2010,146527,87721,58806,0.5986678223126113,0.40133217768738866,235,6802,15938,22433,11657,8494,11223,7113,3826,3186,16261,16818,16424,6117,0,0,0,0
Salem,34033,2010,22618,17356,5262,0.7673534353170042,0.23264656468299585,72,1417,2806,4258,2082,1685,2634,2044,358,266,1006,2186,1153,651,0,0,0,0
Somerset,34035,2010,111367,93582,17785,0.8403027826914615,0.15969721730853845,123,7992,19019,26706,11286,7724,11000,6754,2978,1495,4434,5882,4071,1903,0,0,0,0
Sussex,34037,2010,53050,46489,6561,0.8763242224316682,0.12367577756833176,184,3995,9042,13142,5726,5227,5436,2619,1118,295,1330,1819,2635,482,0,0,0,0
Union,34039,2010,169096,112626,56470,0.6660476888867862,0.3339523111132138,162,8708,20930,28608,13666,11460,14512,9297,5283,2563,15471,17619,15587,5230,0,0,0,0
Warren,34041,2010,38566,31745,6821,0.8231343670590676,0.17686563294093244,185,2464,6192,9407,3056,3616,3358,2583,884,505,1677,2105,1812,722,0,0,0,0
Atlantic,34001,2011,93896,66755,27141,0.7109461531907643,0.28905384680923574,233,4616,12525,15070,6671,8585,10513,6304,2238,2152,9101,5782,7878,2228,0,0,0,0
Bergen,34003,2011,301245,212148,89097,0.7042374147288751,0.2957625852711248,409,10595,37733,54680,25395,23372,29508,20871,9585,4408,23571,27219,23763,10136,0,0,0,0
Burlington,34005,2011,157328,127371,29957,0.8095888843689617,0.19041111563103835,300,9482,21787,32361,15192,13405,18546,12441,3857,2898,9335,8294,7360,2070,0,0,0,0
Camden,34007,2011,170835,125784,45051,0.7362894020546141,0.26371059794538587,807,10725,23944,32018,14399,13837,15736,10050,4268,3061,16658,10121,10348,4863,0,0,0,0
Cape May,34009,2011,38653,30796,7857,0.7967298786640106,0.20327012133598946,177,1303,3212,7342,2873,4606,6137,3886,1260,645,2606,1438,2375,793,0,0,0,0
Cumberland,34011,2011,46328,34269,12059,0.7397038508029701,0.26029614919702987,504,2949,6175,8193,3553,3839,4818,3270,968,853,4108,3106,2838,1154,0,0,0,0
Essex,34013,2011,241007,123007,118000,0.5103876650885659,0.48961233491143413,74,7283,24373,31612,14284,11884,18269,9977,5251,6231,33845,34135,31373,12416,0,0,0,0
Gloucester,34015,2011,98749,82427,16322,0.8347122502506354,0.16528774974936455,351,7821,16210,21312,8738,9969,10092,6006,1928,1869,5505,3871,3793,1284,0,0,0,0
Hudson,34017,2011,212259,79974,132285,0.37677554308651223,0.6232244569134877,1243,10864,16421,16869,9118,6211,10331,6918,1999,7861,46412,36108,29525,12379,0,0,0,0
Hunterdon,34019,2011,45040,39847,5193,0.884702486678508,0.115297513321492,63,1581,7708,12048,4812,4184,5514,3492,445,184,1484,1231,1792,502,0,0,0,0
Mercer,34021,2011,121075,85864,35211,0.7091802601693166,0.2908197398306835,397,7295,15389,20359,11176,8963,11335,8416,2534,2405,11264,9652,8868,3022,0,0,0,0
Middlesex,34023,2011,262226,181221,81005,0.6910870775590521,0.30891292244094787,72,13294,35224,46727,22410,18899,22907,15278,6410,4606,27353,24040,18234,6772,0,0,0,0
Monmouth,34025,2011,215372,175250,40122,0.8137083743476403,0.18629162565235963,447,9779,31041,49871,22788,18669,23628,13093,5934,2740,13993,10446,9618,3325,0,0,0,0
Morris,34027,2011,171113,135385,35728,0.7912023049096212,0.20879769509037888,133,9784,24761,37880,15268,14829,16800,11920,4010,1424,12418,10035,9097,2754,0,0,0,0
Ocean,34029,2011,211653,177659,33994,0.839388054976778,0.16061194502322196,636,12957,23668,35193,15610,18830,34821,25703,10241,2641,13240,7850,6878,3385,0,0,0,0
Passaic,34031,2011,146510,87579,58931,0.5977680704388779,0.4022319295611221,124,6571,16769,20934,11682,9178,12629,7003,2689,2835,14078,19365,15876,6777,0,0,0,0
Salem,34033,2011,22968,17534,5434,0.7634099616858238,0.23659003831417624,169,1372,2745,4020,2384,1754,2651,1697,742,428,1517,1357,1592,540,0,0,0,0
Somerset,34035,2011,108081,87589,20492,0.810401458165635,0.18959854183436498,19,6306,17868,24513,9605,9652,10776,6183,2667,387,7294,6039,5263,1509,0,0,0,0
Sussex,34037,2011,53190,45764,7426,0.8603872908441437,0.13961270915585636,65,3406,8600,12790,6401,4824,6767,2304,607,874,1632,2560,1429,931,0,0,0,0
Union,34039,2011,168399,111620,56779,0.6628305393737493,0.33716946062625075,548,7716,21374,27903,13149,11680,14163,9692,5395,2961,17034,15482,16450,4852,0,0,0,0
Warren,34041,2011,39006,32637,6369,0.8367174280879864,0.16328257191201354,60,2901,6567,8553,3816,3737,3659,2416,928,406,2177,1730,1779,277,0,0,0,0
Atlantic,34001,2012,92499,64897,27602,0.7015967740191786,0.2984032259808214,302,3946,9524,15830,7205,7688,12176,5927,2299,1979,8777,6609,7709,2528,0,0,0,0
Bergen,34003,2012,309406,219807,89599,0.7104160876001112,0.28958391239988884,755,12656,38009,54542,28266,23145,32121,20513,9800,3534,25990,26688,24366,9021,0,0,0,0
Burlington,34005,2012,155622,126351,29271,0.8119096271735359,0.18809037282646413,753,9783,20918,33214,14738,13376,18175,11372,4022,2538,8500,8575,6424,3234,0,0,0,0
Camden,34007,2012,171236,126421,44815,0.7382851736784322,0.2617148263215679,228,11286,23986,31056,14655,13366,17775,9963,4106,2541,15506,10685,10076,6007,0,0,0,0
Cape May,34009,2012,36961,29689,7272,0.8032520765130814,0.19674792348691864,151,1330,3162,6487,3821,3569,5956,4102,1111,463,2545,1880,1618,766,0,0,0,0
Cumberland,34011,2012,45787,34006,11781,0.7426998929827243,0.2573001070172756,0,2503,6639,7387,4361,3458,5144,3308,1206,923,3678,2946,2458,1776,0,0,0,0
Essex,34013,2012,245216,126170,119046,0.5145259689416678,0.48547403105833226,211,7448,24397,33409,14877,13127,17736,10895,4070,5676,34903,35363,30590,12514,0,0,0,0
Gloucester,34015,2012,100086,85156,14930,0.8508282876726015,0.14917171232739843,404,7365,15084,23246,10186,9148,11057,6605,2061,2179,4159,4086,3231,1275,0,0,0,0
Hudson,34017,2012,217913,79888,138025,0.36660502126995637,0.6333949787300437,503,9473,16868,17654,8573,7094,10948,6584,2191,9352,48086,38018,30992,11577,0,0,0,0
Hunterdon,34019,2012,45283,38620,6663,0.8528586886911202,0.14714131130887972,96,1622,6132,11924,5107,3866,6726,1926,1221,197,1578,2234,1686,968,0,0,0,0
Mercer,34021,2012,122228,86024,36204,0.7037994567529535,0.2962005432470465,453,6541,14124,22347,9802,8977,12990,6593,4197,3219,10593,9743,9085,3564,0,0,0,0
Middlesex,34023,2012,266804,187331,79473,0.7021296532285872,0.2978703467714127,624,14551,34693,48232,21396,19349,26056,14517,7913,6618,27006,23306,15963,6580,0,0,0,0
Monmouth,34025,2012,220090,177977,42113,0.8086555500022719,0.1913444499977282,504,11419,30093,49617,20869,20074,25454,15105,4842,2431,12801,11050,11531,4300,0,0,0,0
Morris,34027,2012,170533,136458,34075,0.8001853013786188,0.1998146986213812,310,7956,23834,37603,16598,14275,18830,11697,5355,1243,11092,9571,9096,3073,0,0,0,0
Ocean,34029,2012,214315,182764,31551,0.8527821197769638,0.1472178802230362,445,12798,23849,33578,17198,19396,36418,27052,12030,2521,10363,7370,8745,2552,0,0,0,0
Passaic,34031,2012,145941,86544,59397,0.5930067630069685,0.4069932369930314,64,6185,13489,21777,10740,9756,12592,8233,3708,2216,15021,18809,17353,5998,0,0,0,0
Salem,34033,2012,23082,17598,5484,0.7624122693007538,0.23758773069924616,72,1605,2729,3659,2134,2129,3185,1507,578,498,1211,1222,1740,813,0,0,0,0
Somerset,34035,2012,111630,89911,21719,0.8054376063782137,0.19456239362178626,203,5860,17038,26219,10570,8995,12499,6274,2253,1062,7459,6010,5630,1558,0,0,0,0
Sussex,34037,2012,52127,46098,6029,0.884340169202141,0.11565983079785908,260,3377,8579,12622,6316,4690,6228,2923,1103,434,1440,1632,1759,764,0,0,0,0
Union,34039,2012,169650,109258,60392,0.6440200412614205,0.3559799587385794,40,8181,19826,28737,11166,11842,14710,9088,5668,3442,16280,17987,17338,5345,0,0,0,0
Warren,34041,2012,38995,30513,8482,0.782484933965893,0.21751506603410695,93,1820,5948,8375,3338,3439,3971,2478,1051,789,2905,1634,2020,1134,0,0,0,0
Atlantic,34001,2013,93174,67645,25529,0.7260072552428789,0.2739927447571211,274,4423,8977,16651,10261,7458,11418,5939,2244,1282,7938,5729,7587,2993,0,0,0,0
Bergen,34003,2013,312072,218300,93772,0.6995180599348868,0.3004819400651132,1255,13509,35386,55478,25452,21749,34715,20533,10223,3763,27440,28922,22368,11279,0,0,0,0
Burlington,34005,2013,154291,127368,26923,0.8255050521417322,0.17449494785826783,269,9275,21542,32689,15278,13353,19106,11083,4773,1353,10017,7320,6205,2028,0,0,0,0
Camden,34007,2013,171006,122583,48423,0.7168344970351918,0.28316550296480825,404,10035,21405,31293,16445,12829,18359,7899,3914,3492,17744,12472,9549,5166,0,0,0,0
Cape May,34009,2013,35087,30288,4799,0.8632256961267706,0.1367743038732294,100,1558,2584,6214,3677,4312,6399,4601,843,260,1514,1169,1284,572,0,0,0,0
Cumberland,34011,2013,45796,31524,14272,0.6883570617521181,0.3116429382478819,189,2595,4951,6869,4648,3304,5319,2613,1036,1320,4548,3832,3786,786,0,0,0,0
Essex,34013,2013,240752,124505,116247,0.5171504286568751,0.4828495713431249,105,6161,22429,33895,14560,13511,20853,8773,4218,5901,34708,32764,29430,13444,0,0,0,0
Gloucester,34015,2013,99402,80754,18648,0.8123981408824772,0.18760185911752278,285,6636,14193,21068,10713,8128,11992,5521,2218,1789,6921,3547,4533,1858,0,0,0,0
Hudson,34017,2013,214772,75428,139344,0.35120034268899114,0.6487996573110089,297,7888,17418,15020,8325,7093,10491,5945,2951,5669,48969,37794,34963,11949,0,0,0,0
Hunterdon,34019,2013,43570,39090,4480,0.8971769566215285,0.10282304337847142,105,1503,5978,12220,5701,4012,5803,2811,957,65,862,1725,1201,627,0,0,0,0
Mercer,34021,2013,117619,84223,33396,0.7160662818082113,0.28393371819178875,26,5150,16730,20616,10183,8808,12800,6930,2980,2062,11935,8123,8435,2841,0,0,0,0
Middlesex,34023,2013,264450,179511,84939,0.6788088485536018,0.3211911514463982,468,10943,32017,44516,23392,18482,27249,15150,7294,4326,29373,26003,18059,7178,0,0,0,0
Monmouth,34025,2013,216920,171083,45837,0.7886916835699798,0.2113083164300203,317,8261,29292,43849,22831,20233,26228,13086,6986,1865,14739,11665,11889,5679,0,0,0,0
Morris,34027,2013,167646,135135,32511,0.806073512043234,0.19392648795676604,281,8835,23711,36263,17502,13143,19402,11588,4410,715,11313,8161,9382,2940,0,0,0,0
Ocean,34029,2013,207108,174290,32818,0.8415416111400815,0.1584583888599185,369,10375,21280,33756,17295,18206,37582,23883,11544,1802,10431,8503,9041,3041,0,0,0,0
Passaic,34031,2013,145234,86520,58714,0.595728272993927,0.40427172700607295,103,6134,13384,22155,10760,9401,14222,6596,3765,2147,16007,17250,16583,6727,0,0,0,0
Salem,34033,2013,22378,17055,5323,0.7621324515148807,0.23786754848511932,72,1220,1992,4149,2216,2490,2674,1622,620,502,1746,1543,949,583,0,0,0,0
Somerset,34035,2013,107132,87926,19206,0.8207258335511332,0.17927416644886682,148,5008,15670,25516,10754,11003,11139,6167,2521,407,4747,6079,5822,2151,0,0,0,0
Sussex,34037,2013,52421,45727,6694,0.8723030846416513,0.12769691535834876,122,2979,8221,12533,6553,5128,6479,2862,850,432,2403,1532,1785,542,0,0,0,0
Union,34039,2013,170463,106359,64104,0.6239418524841168,0.37605814751588323,0,7119,20102,26045,13765,10952,14670,8138,5568,2339,17389,17909,18241,8226,0,0,0,0
Warren,34041,2013,39214,28909,10305,0.7372112000816035,0.2627887999183965,0,1667,3981,8267,4208,2760,4345,2368,1313,1097,3083,3045,2182,898,0,0,0,0
Atlantic,34001,2014,101937,67981,33956,0.6668922962221765,0.33310770377782356,171,4334,8780,16511,9175,8553,11485,6829,2143,1565,8307,7070,6373,2121,2474,3946,1594,506
Bergen,34003,2014,337469,212605,124864,0.6299986072794834,0.3700013927205166,472,12879,35947,51157,26954,22058,33891,20762,8485,3617,24863,29813,26172,10251,9007,10570,6143,4428
Burlington,34005,2014,165424,124823,40601,0.7545640294032305,0.24543597059676953,275,7902,19976,31270,16182,13140,19840,11780,4458,1982,9867,7941,8429,3231,1730,3337,2907,1177
Camden,34007,2014,188064,125909,62155,0.6695008082354943,0.3304991917645057,742,10945,19976,28886,15839,14415,20004,10182,4920,2975,15771,12579,11840,3504,3499,5778,4073,2136
Cape May,34009,2014,40779,30995,9784,0.7600725863802448,0.23992741361975525,94,2158,2295,6321,3149,4690,6935,4205,1148,887,1212,2139,2123,620,623,995,631,554
Cumberland,34011,2014,50593,31321,19272,0.6190777380269998,0.3809222619730002,176,2023,5074,7005,3886,3445,5753,2998,961,1895,4128,4369,2704,1672,1192,1747,1161,404
Essex,34013,2014,277735,121379,156356,0.43703170288224386,0.5629682971177561,137,5863,22987,30739,13783,14242,18370,10394,4864,5463,31394,34508,32564,14613,10425,15598,8117,3674
Gloucester,34015,2014,104305,81414,22891,0.7805378457408562,0.21946215425914387,236,6967,14807,19904,9842,8900,12102,5791,2865,2035,5091,3619,4412,1499,1301,2352,947,1635
Hudson,34017,2014,253300,74355,178945,0.2935452033162258,0.7064547966837742,241,7518,15602,16110,7781,8062,9906,6427,2708,7352,48255,41343,32818,11173,13838,13864,6967,3335
Hunterdon,34019,2014,47387,39485,7902,0.8332454048578725,0.1667545951421276,74,2127,5412,11244,5912,4753,7020,2085,858,200,1251,1409,1498,667,888,927,721,341
Mercer,34021,2014,131564,83605,47959,0.6354701894135174,0.36452981058648265,82,5200,14126,21794,10015,10114,13192,6464,2618,3271,11800,9178,9388,3548,2621,3750,2894,1509
Middlesex,34023,2014,282860,176428,106432,0.6237290532418864,0.37627094675811357,793,11418,31793,42144,22211,19197,28020,13645,7207,3357,26878,27018,20786,7288,6621,8379,3724,2381
Monmouth,34025,2014,230391,168331,62060,0.7306318389173189,0.2693681610826812,347,9253,26561,43715,24201,18194,26895,12979,6186,2655,11934,11933,11974,5084,4677,6447,4082,3274
Morris,34027,2014,179654,132204,47450,0.7358811938504013,0.26411880614959865,40,7827,22800,34240,17686,14211,20170,10898,4332,2013,10817,8760,9427,3633,2798,5687,2422,1893
Ocean,34029,2014,220941,177605,43336,0.8038571383310477,0.19614286166895234,30,11184,20327,32911,19656,18900,37108,24648,12841,1872,12723,9427,7827,2279,2167,3279,2116,1646
Passaic,34031,2014,159309,84257,75052,0.5288903953951126,0.4711096046048874,220,5048,13397,20298,11569,9552,13420,7671,3082,2564,15574,18800,14773,6478,5395,6565,3345,1558
Salem,34033,2014,23832,16773,7059,0.7038016112789527,0.2961983887210473,14,899,3027,3671,2015,1674,3048,1787,638,313,1828,1118,1290,570,277,983,317,363
Somerset,34035,2014,117482,86722,30760,0.7381726562367001,0.2618273437632999,288,5859,14240,24900,10675,10143,11866,5813,2938,746,6227,9746,4905,3692,1242,1835,1602,765
Sussex,34037,2014,54174,44936,9238,0.829475394100491,0.170524605899509,143,2738,8365,11067,6572,5599,6855,2607,990,276,1894,1461,2447,621,679,956,545,359
Union,34039,2014,186037,110224,75813,0.592484290759365,0.4075157092406349,236,6579,21562,27225,13538,11342,16941,8942,3859,1537,15325,19504,16365,7038,4229,5554,4171,2090
Warren,34041,2014,41607,29710,11897,0.714062537553777,0.285937462446223,33,1629,4867,8055,4103,3311,4087,2362,1263,547,2622,2271,2263,827,765,1544,629,429
Atlantic,34001,2015,101813,69152,32661,0.6792059953051182,0.3207940046948818,302,4869,9361,16781,8036,8878,12047,6630,2248,1737,7217,6975,4940,2939,3022,3165,1331,1335
Bergen,34003,2015,336675,217086,119589,0.644793940744041,0.355206059255959,865,11414,35428,53109,25437,23083,36157,21093,10500,3978,25340,26317,22359,12063,8244,10315,6781,4192
Burlington,34005,2015,163505,119488,44017,0.7307911073055869,0.269208892694413,335,7171,17621,30603,16422,11646,20674,10836,4180,2508,11670,8561,8387,3071,2760,3572,1537,1951
Camden,34007,2015,185113,123985,61128,0.6697800802752913,0.3302199197247087,360,10640,19701,30124,16019,12527,19953,10511,4150,2908,14643,11972,11804,4659,4315,6242,3029,1556
Cape May,34009,2015,38708,29608,9100,0.7649064792807688,0.23509352071923117,102,1864,2822,4713,3431,4341,7056,3679,1600,0,1716,1302,2460,734,679,793,1297,119
Cumberland,34011,2015,50380,32877,17503,0.6525803890432711,0.34741961095672885,266,2125,6005,7713,3971,3897,5168,2598,1134,1178,3987,3676,2373,1997,540,1382,1500,870
Essex,34013,2015,279874,118393,161481,0.4230225029834854,0.5769774970165146,264,6234,21127,29618,15742,12895,18853,9097,4563,6433,33043,37094,32737,13496,11944,14006,7963,4765
Gloucester,34015,2015,103876,81254,22622,0.7822211097847434,0.21777889021525665,605,6981,15829,17666,10318,8658,12535,6505,2157,1442,4991,3729,4543,1871,1951,2301,1059,735
Hudson,34017,2015,255508,76341,179167,0.29878125146766443,0.7012187485323356,292,8895,15424,16420,8522,8159,11253,4422,2954,7124,51325,40948,32767,11535,11465,13032,7986,2985
Hunterdon,34019,2015,47057,38827,8230,0.8251057228467603,0.17489427715323969,128,1633,4943,10126,5574,4980,6632,3530,1281,479,1106,1871,2386,1093,133,699,95,368
Mercer,34021,2015,127965,80484,47481,0.6289532293986637,0.3710467706013363,250,4197,12956,21798,9720,9138,13232,6438,2755,1879,11537,10462,7340,4824,3872,3615,2174,1778
Middlesex,34023,2015,280855,174162,106693,0.620113581741468,0.379886418258532,346,10088,30433,42408,22909,19481,27169,14042,7286,3609,26347,27973,19925,8451,5993,6899,4172,3324
Monmouth,34025,2015,234365,172172,62193,0.7346318776267787,0.26536812237322127,321,8630,25715,43995,25237,19036,29255,14194,5789,2583,13695,11051,11881,5301,4037,5332,4168,4145
Morris,34027,2015,179480,133438,46042,0.7434700245152663,0.25652997548473366,677,7247,21903,34900,15508,16422,21337,10426,5018,1213,10778,9807,9458,3697,2624,4012,1944,2509
Ocean,34029,2015,222497,174878,47619,0.7859791367973501,0.21402086320264993,295,12360,18857,32353,19494,18081,38342,23277,11819,1918,10740,11066,9111,4182,1711,4625,2227,2039
Passaic,34031,2015,157309,82502,74807,0.5244582318875589,0.47554176811244114,232,4113,12063,18715,11671,10812,13405,7904,3587,2188,15454,17980,15451,5550,5541,7005,4278,1360
Salem,34033,2015,22747,17188,5559,0.7556161252033236,0.24438387479667648,95,1259,2356,3650,1892,2392,3244,1506,794,107,1128,1056,1259,281,489,723,338,178
Somerset,34035,2015,117198,87249,29949,0.7444580965545488,0.2555419034454513,422,4913,14807,24036,12468,7829,13438,6376,2960,1002,5924,7397,5473,3148,2046,2459,1249,1251
Sussex,34037,2015,53190,43479,9711,0.8174280879864636,0.18257191201353637,263,3239,6730,10980,6079,5646,7113,2488,941,461,1949,1130,2066,1149,514,1144,759,539
Union,34039,2015,188035,107462,80573,0.5714999867046029,0.4285000132953971,424,7503,17630,27390,13599,11455,16286,9196,3979,2680,17751,20963,14849,6413,5726,7137,3768,1286
Warren,34041,2015,41813,29009,12804,0.6937794465835984,0.3062205534164016,92,2257,3730,8295,3655,2783,4736,2297,1164,573,2056,2807,1982,1383,1039,1717,985,262
Atlantic,34001,2016,96777,65459,31318,0.6763900513551774,0.3236099486448226,641,4513,7886,14626,9129,7601,13044,5826,2193,1517,5934,6866,5421,2709,1977,4092,2205,597
Bergen,34003,2016,337227,214790,122437,0.6369300204313415,0.3630699795686585,972,13052,31668,50564,25822,25090,35836,19716,12070,5579,23783,27722,24986,9991,7752,11394,6927,4303
Burlington,34005,2016,165862,125711,40151,0.7579252631705876,0.2420747368294124,115,9383,19372,28136,16767,14704,20628,11937,4669,3632,10035,8426,6422,3229,2425,3170,1824,988
Camden,34007,2016,185512,125281,60231,0.6753255854068739,0.32467441459312607,1084,11947,19863,26956,15965,12790,22109,9789,4778,3710,13235,12175,12351,5017,3108,5438,3322,1875
Cape May,34009,2016,38895,29822,9073,0.7667309422804988,0.2332690577195012,116,1763,2755,5406,3084,4543,7327,3331,1497,422,1678,1554,2246,541,285,1090,527,730
Cumberland,34011,2016,50787,30879,19908,0.6080099237993974,0.3919900762006025,19,1915,4590,6780,4245,3320,5846,3223,941,1337,5080,3645,3069,1724,1266,2836,726,225
Essex,34013,2016,280734,119868,160866,0.4269807005920195,0.5730192994079805,555,6392,20457,28130,14099,14154,20978,10224,4879,4832,29838,39461,32935,16453,12291,14315,7086,3655
Gloucester,34015,2016,105436,82966,22470,0.7868849349368338,0.21311506506316627,338,7010,13237,19824,10321,9595,13706,6145,2790,1279,4949,3693,3611,2935,1185,2691,1095,1032
Hudson,34017,2016,253321,77485,175836,0.3058767334725506,0.6941232665274494,238,8591,15284,19069,7458,7637,10856,5815,2537,6996,49020,43328,27718,12848,10927,14645,7409,2945
Hunterdon,34019,2016,47195,39579,7616,0.8386269731963132,0.16137302680368684,105,1937,5502,10322,6537,4406,6515,3095,1160,486,1877,1142,1647,286,496,662,816,204
Mercer,34021,2016,128332,80834,47498,0.6298818689025341,0.37011813109746594,104,4113,13262,19408,9491,9915,14834,6335,3372,1561,11216,9278,9993,4002,3301,4955,1821,1371
Middlesex,34023,2016,283661,179257,104404,0.6319409435911175,0.3680590564088824,382,9186,30441,42121,22296,23010,29041,15328,7452,4176,28368,25312,16747,8752,4950,8335,4930,2834
Monmouth,34025,2016,230769,166208,64561,0.7202353869020536,0.2797646130979464,221,9122,25375,40919,23370,19111,27288,14273,6529,2802,12932,10261,13179,5770,4186,8484,4430,2517
Morris,34027,2016,181059,136087,44972,0.7516168762668523,0.24838312373314775,272,7479,21619,36033,17925,14414,21368,11075,5902,2487,9735,9413,9254,3204,3478,3977,1984,1440
Ocean,34029,2016,224308,175845,48463,0.7839443978814844,0.2160556021185156,761,11973,19032,30410,18638,19920,39814,23578,11719,2149,10488,10341,7829,4259,2503,4847,3795,2252
Passaic,34031,2016,163868,83895,79973,0.511966949007738,0.4880330509922621,124,5798,11225,20650,9051,10714,14703,7784,3846,3395,17997,18658,14863,5138,6012,8248,3638,2024
Salem,34033,2016,24195,16273,7922,0.6725769787146104,0.3274230212853895,235,946,2254,2953,2465,1810,3284,1670,656,420,1216,1223,1926,479,640,1129,520,369
Somerset,34035,2016,116169,86798,29371,0.7471700711893878,0.2528299288106121,176,4812,14394,22916,12581,8761,14380,6092,2686,921,5574,7542,5465,2131,1864,2199,1722,1953
Sussex,34037,2016,51978,42561,9417,0.818827196121436,0.18117280387856402,67,2955,5586,10757,6845,4475,7785,3024,1067,334,1432,1918,2650,955,639,790,649,50
Union,34039,2016,187922,110760,77162,0.5893934717595598,0.4106065282404402,264,7925,18722,26992,12677,13246,16999,8751,5184,2400,15818,17984,15532,7187,5782,6962,3999,1498
Warren,34041,2016,40512,29569,10943,0.7298825039494471,0.2701174960505529,92,2346,3960,7598,4377,2444,5380,2385,987,885,1677,2745,1844,1093,659,739,941,360
Atlantic,34001,2017,97618,62964,34654,0.6450039951648262,0.35499600483517385,381,3156,7926,13600,8959,7750,12488,5871,2833,1659,5857,7540,6797,3595,2020,4291,2290,605
Bergen,34003,2017,338516,215927,122589,0.6378634983279963,0.3621365016720037,720,11818,34708,50193,26684,24164,37260,19103,11277,3979,23994,27630,22975,13404,7631,10903,7988,4085
Burlington,34005,2017,164248,123012,41236,0.7489406263698797,0.2510593736301203,298,8965,17845,28231,15846,13232,22319,12146,4130,1778,10500,10064,6691,3630,3667,2607,1044,1255
Camden,34007,2017,190616,125863,64753,0.6602960926679817,0.3397039073320183,381,11163,19694,29765,14956,14524,21349,10580,3451,4461,15915,11860,9802,4130,5169,7251,4281,1884
Cape May,34009,2017,39526,30613,8913,0.7745028588777008,0.22549714112229924,137,2358,2486,4976,2837,4638,7677,3939,1565,157,1801,1403,2073,1007,631,1049,407,385
Cumberland,34011,2017,50696,33559,17137,0.6619654410604386,0.3380345589395613,210,2304,4755,7596,3235,4307,6140,3579,1433,1597,3831,3997,2521,1573,984,1600,308,726
Essex,34013,2017,284928,128910,156018,0.45243008760107817,0.5475699123989218,407,7218,21140,32207,15682,15572,21181,10422,5081,6336,33541,34912,30888,13654,10964,13749,7451,4523
Gloucester,34015,2017,105236,85189,20047,0.8095043521228477,0.1904956478771523,139,8303,14472,18751,10879,9989,13393,6868,2395,988,3492,4099,4379,906,1366,2357,1822,638
Hudson,34017,2017,251906,79978,171928,0.3174914452216303,0.6825085547783697,579,9692,15953,15625,8254,9302,11752,6356,2465,5867,45865,39849,29968,13165,11447,16370,7074,2323
Hunterdon,34019,2017,45967,37799,8168,0.8223073074161898,0.17769269258381012,272,2078,4836,9343,5018,5186,6377,3035,1654,95,1315,1368,1887,412,1283,1160,379,269
Mercer,34021,2017,128757,81741,47016,0.6348470374426245,0.3651529625573755,209,5058,12623,20155,10082,10272,13482,7145,2715,2376,10801,10858,7591,2998,4088,4327,2321,1656
Middlesex,34023,2017,285446,181906,103540,0.6372693959628091,0.36273060403719093,151,10201,30594,44070,22834,20804,30502,14946,7804,5076,26219,25354,18508,7216,5666,8238,5394,1869
Monmouth,34025,2017,235727,175403,60324,0.7440938034251486,0.2559061965748514,519,10310,25415,40063,24224,22084,31301,15331,6156,1732,12189,12137,11652,5081,4466,6909,3072,3086
Morris,34027,2017,180854,133490,47364,0.7381091930507481,0.2618908069492519,251,8023,21841,31896,17555,14586,22177,12456,4705,1040,11752,8693,8570,4247,3499,5206,2849,1508
Ocean,34029,2017,225847,180631,45216,0.7997936656231874,0.20020633437681262,555,11873,20484,29603,20544,20555,39468,27177,10372,2255,10627,7787,9597,3245,3900,3509,2018,2278
Passaic,34031,2017,168397,87365,81032,0.518803779164712,0.481196220835288,223,5338,14354,19080,10777,10420,15572,8525,3076,2221,15320,18725,17381,8008,5114,7962,4367,1934
Salem,34033,2017,24801,16604,8197,0.6694891335026814,0.33051086649731864,83,1675,2103,2821,1627,2688,3390,1522,695,617,2180,1453,1207,623,596,863,425,233
Somerset,34035,2017,114812,88392,26420,0.7698846810437934,0.23011531895620665,26,6054,14054,22568,11912,10379,13918,6854,2627,1071,5552,5820,6091,2479,1194,1842,1489,882
Sussex,34037,2017,53396,43930,9466,0.8227208030564087,0.1772791969435913,114,2867,6868,10454,5493,5465,7629,3918,1122,375,1785,1845,2038,1104,764,928,208,419
Union,34039,2017,190138,110787,79351,0.5826662739694327,0.4173337260305673,149,5839,19274,26502,13834,12665,17583,9873,5068,2150,15305,20170,15818,6411,5656,8156,3748,1937
Warren,34041,2017,41366,29866,11500,0.7219939080404196,0.2780060919595803,24,2490,4468,6895,3772,3581,4782,2780,1074,647,2015,1200,2513,1048,1264,1858,330,625
Atlantic,34001,2018,96981,66859,30122,0.6894030789536094,0.31059692104639053,300,4345,8159,14865,9785,6969,13176,6896,2364,1884,4442,5795,5826,3301,2955,3757,1601,561
Bergen,34003,2018,339953,220204,119749,0.6477483652151915,0.3522516347848085,524,12137,33819,49828,28380,24957,37967,21300,11292,4327,23473,25548,23961,10626,8277,11864,6805,4868
Burlington,34005,2018,166698,125628,41070,0.7536263182521686,0.24637368174783142,433,9338,17890,27648,16794,15163,22302,11784,4276,2334,10676,8723,5990,2553,3078,3725,2640,1351
Camden,34007,2018,188840,125678,63162,0.6655263715314552,0.3344736284685448,382,12236,18692,26524,16184,14327,22237,11519,3577,3303,13488,12081,10351,5054,6019,6790,3901,2175
Cape May,34009,2018,39208,31531,7677,0.804198122832075,0.1958018771679249,180,2801,2843,5191,3639,4084,7296,4330,1167,242,1588,616,1831,691,622,813,730,544
Cumberland,34011,2018,50034,33770,16264,0.6749410400927369,0.3250589599072631,240,2926,5055,5401,4621,3581,6813,3976,1157,1249,3883,4011,2319,1295,895,1753,733,126
Essex,34013,2018,289921,129988,159933,0.4483566212864884,0.5516433787135117,222,8467,23956,29739,15807,14323,20432,11221,5821,5729,30902,32718,34419,15737,13091,16845,7065,3427
Gloucester,34015,2018,101414,81032,20382,0.7990218313053424,0.20097816869465754,218,6860,11575,19619,10033,9180,14374,6418,2755,1243,4692,3983,2710,2393,1856,1471,826,1208
Hudson,34017,2018,263924,87480,176444,0.3314590563950228,0.6685409436049772,847,11558,16488,16519,8934,10512,12627,6530,3465,6207,52472,38862,29443,12759,10198,13817,9084,3602
Hunterdon,34019,2018,47733,39678,8055,0.831248821569983,0.16875117843001697,59,1833,5799,9568,6483,3913,7079,3323,1621,201,1772,1353,1479,709,576,1195,557,213
Mercer,34021,2018,132980,83219,49761,0.6258008723116258,0.3741991276883742,469,4024,12269,18942,10373,10143,15214,8486,3299,2944,11550,10645,9178,4018,3359,4462,2744,861
Middlesex,34023,2018,285480,179541,105939,0.6289092055485498,0.3710907944514502,408,11922,29114,39139,22359,21738,30972,15861,8028,4715,26075,26036,19186,8889,5658,8286,3898,3196
Monmouth,34025,2018,236327,175902,60425,0.7443161382321952,0.2556838617678048,416,11006,25765,40194,24016,20375,31540,15355,7235,1890,12105,10614,9678,4783,6240,6946,5094,3075
Morris,34027,2018,181738,133030,48708,0.7319878066227207,0.2680121933772794,143,7576,21535,32208,17342,16418,20715,12784,4309,1667,11334,8264,8584,4782,3839,4482,2704,3052
Ocean,34029,2018,228622,182981,45641,0.8003647942892635,0.1996352057107365,460,13047,21407,28516,19735,19945,41613,26636,11622,1904,11215,7710,9035,2988,2227,5566,2765,2231
Passaic,34031,2018,169521,88450,81071,0.5217642651942828,0.4782357348057173,413,7135,13767,19991,11029,9860,14701,8522,3032,2722,14672,17917,16970,7426,6302,8575,4157,2330
Salem,34033,2018,23952,16506,7446,0.689128256513026,0.31087174348697394,48,1393,1931,3289,1848,2242,3430,1574,751,356,1654,2121,995,562,430,711,483,134
Somerset,34035,2018,118729,91176,27553,0.7679336977486545,0.2320663022513455,200,4808,14408,23670,11201,12059,14554,7646,2630,1221,6378,6378,4399,2848,1847,1731,1547,1204
Sussex,34037,2018,53749,45399,8350,0.8446482725260005,0.15535172747399953,254,3765,6460,9304,6585,6205,7947,3741,1138,182,1222,1481,2266,606,568,1068,788,169
Union,34039,2018,192021,110647,81374,0.576223433895251,0.42377656610474895,578,7841,19347,25701,15592,12277,16482,9183,3646,1169,14953,20136,15885,5783,6270,10310,3889,2979
Warren,34041,2018,41742,30249,11493,0.7246658042259595,0.27533419577404056,53,2644,4300,6155,3016,4532,5167,3214,1168,144,2363,1395,2543,1742,613,1832,364,497
Atlantic,34001,2019,101975,67659,34316,0.663486148565825,0.33651385143417506,541,4563,8985,12320,7637,9366,14591,7150,2506,2206,6094,6716,5877,3802,3352,3494,2037,738
Bergen,34003,2019,343733,222292,121441,0.6466996185993198,0.35330038140068015,1284,12270,33905,51394,25871,25964,39595,22780,9229,3980,25482,26248,21524,10912,9945,11560,7604,4186
Burlington,34005,2019,170074,124607,45467,0.7326634288603784,0.26733657113962156,691,10115,19703,24685,16079,14009,22556,12269,4500,2061,11233,9191,7620,4295,2384,4575,2461,1647
Camden,34007,2019,187780,126990,60790,0.6762701033123868,0.32372989668761315,513,12256,20266,26024,13938,15554,21171,12750,4518,2520,13942,11785,11576,5047,4848,6686,2814,1572
Cape May,34009,2019,40939,30533,10406,0.7458169471652947,0.25418305283470527,619,2108,3617,3893,3532,3737,6955,4604,1468,629,1906,1477,1567,897,1439,1310,587,594
Cumberland,34011,2019,51360,33804,17556,0.6581775700934579,0.34182242990654205,624,2325,5577,6591,4173,4661,5720,2588,1545,279,5898,3004,2965,1074,654,2157,1031,494
Essex,34013,2019,295976,131638,164338,0.44475903451631216,0.5552409654836878,783,7562,22035,31429,14913,14768,22307,12090,5751,5163,34763,38238,29132,13098,13448,18566,8412,3518
Gloucester,34015,2019,106705,83415,23290,0.7817346890961061,0.21826531090389392,703,6788,15192,16906,9472,10762,14102,6915,2575,1264,4999,3817,3469,1574,2539,2696,1769,1163
Hudson,34017,2019,266664,83332,183332,0.3124981249812498,0.6875018750187502,417,10217,16960,15404,9439,9703,11839,7504,1849,6989,53526,42341,27743,13018,11398,16441,7562,4314
Hunterdon,34019,2019,47901,38527,9374,0.8043047118014238,0.19569528819857623,0,2415,5220,9212,4218,5397,6931,4204,930,162,1483,2727,1129,637,777,1055,959,445
Mercer,34021,2019,130851,81851,49000,0.6255282726154175,0.37447172738458245,184,4705,12891,17273,10469,10746,14295,7777,3511,3418,11497,8725,9313,3206,3241,4798,3101,1701
Middlesex,34023,2019,285906,181453,104453,0.6346596433792925,0.3653403566207075,151,12601,28319,38176,24649,21097,31760,16721,7979,3674,26767,24329,19829,6145,6409,8578,5479,3243
Monmouth,34025,2019,240377,174634,65743,0.7265004555344313,0.2734995444655687,198,10583,23418,37250,23923,23529,34134,15287,6312,2268,15089,11259,11649,4579,5312,6829,6074,2684
Morris,34027,2019,184885,132419,52466,0.7162235984530925,0.28377640154690753,305,8860,17803,30876,17099,15848,22301,13896,5431,1490,10732,11520,8404,4517,4250,5651,3145,2757
Ocean,34029,2019,226725,183046,43679,0.8073481089425516,0.19265189105744845,550,14186,22025,28990,18727,22353,38598,28256,9361,2187,9087,7419,6811,3542,3165,5324,3958,2186
Passaic,34031,2019,168059,88200,79859,0.5248156897280122,0.4751843102719878,420,6036,13854,18282,10935,10862,16861,6375,4575,2590,13332,17520,17255,6894,6092,9613,4177,2386
Salem,34033,2019,24404,17467,6937,0.7157433207670874,0.28425667923291265,213,1308,2707,3219,1696,2406,3159,2254,505,146,1013,1635,1534,496,591,626,542,354
Somerset,34035,2019,122606,91514,31092,0.7464071905126992,0.2535928094873008,478,6427,14650,21382,12811,10754,14329,7100,3583,815,7612,7335,4822,3172,1559,2345,1821,1611
Sussex,34037,2019,54099,47108,6991,0.8707739514593615,0.12922604854063846,263,4158,6331,10450,5422,6791,8402,3643,1648,512,1071,1726,1182,687,417,681,157,558
Union,34039,2019,192848,111662,81186,0.5790155977764871,0.4209844022235128,378,7437,20085,25947,12201,13511,17846,9504,4753,1798,16795,20191,15340,7177,5270,7781,4655,2179
Warren,34041,2019,42397,29647,12750,0.699271174847277,0.3007288251527231,0,1726,3549,6760,3885,3360,5795,3115,1457,266,2387,2021,2552,865,1479,1818,1014,348
Atlantic,34001,2020,107137,71428,35709,0.6666977794786115,0.3333022205213885,765,5508,9710,12518,7912,9940,15172,7240,2663,1906,5952,7073,5790,3802,3254,4616,2522,794
Bergen,34003,2020,347882,228197,119685,0.6559609292806181,0.34403907071938183,982,12460,36826,50780,26183,27940,40844,22714,9468,3568,24650,26162,21628,9690,10300,12552,6672,4463
Burlington,34005,2020,172965,130374,42591,0.7537594310987772,0.24624056890122278,883,10418,20842,25650,16128,15636,23987,12200,4630,2198,11315,8662,6174,3594,2704,4106,2218,1620
Camden,34007,2020,194473,129191,65282,0.6643132979899523,0.3356867020100477,650,12909,21520,26120,14010,14958,22166,12304,4554,3308,15456,13102,10287,5434,4883,7648,3368,1796
Cape May,34009,2020,44899,34349,10550,0.7650281743468674,0.2349718256531326,1047,2828,4210,4932,3316,4458,7488,4592,1478,1080,1770,1618,1350,838,1386,1218,786,504
Cumberland,34011,2020,52623,34536,18087,0.656290975428995,0.34370902457100505,422,3452,5380,6482,4074,4058,6246,2964,1458,773,4565,3112,3300,1298,1044,2556,1016,423
Essex,34013,2020,309214,137656,171558,0.44518036052701365,0.5548196394729863,828,8434,24002,32138,14962,15763,23461,12488,5580,5429,35840,39378,30660,14896,13578,18986,8844,3947
Gloucester,34015,2020,109605,87048,22557,0.7941973450116326,0.2058026549883673,468,8396,16004,17134,9719,10237,15288,7310,2492,1079,4592,3927,3703,1618,2306,3160,1378,794
Hudson,34017,2020,279332,88748,190584,0.31771512035856975,0.6822848796414303,670,11060,17566,16206,9518,9786,13754,7863,2325,6798,55283,43740,30722,14318,11408,17032,7484,3799
Hunterdon,34019,2020,49595,41549,8046,0.8377659038209497,0.1622340961790503,0,2958,6024,8900,5316,5484,7785,3580,1502,175,1412,1838,1048,700,826,933,786,328
Mercer,34021,2020,137411,86337,51074,0.6283121438603896,0.37168785613961036,420,5501,13316,18346,10060,11864,15430,8184,3216,2763,10964,10492,9452,4185,3525,5281,2892,1520
Middlesex,34023,2020,296869,190316,106553,0.6410773775638413,0.3589226224361587,526,12724,30548,40431,24886,21607,34804,17120,7670,4786,26830,26254,18368,6484,6772,9657,5044,2358
Monmouth,34025,2020,245558,182271,63287,0.742272701357724,0.25772729864227595,646,11494,26228,37966,24138,24191,35103,16433,6072,1932,13926,9898,10796,4982,5373,8275,5290,2815
Morris,34027,2020,188867,138860,50007,0.7352263762330106,0.2647736237669895,327,10186,20431,31154,18786,15724,23550,13529,5173,1288,11264,11102,7304,4326,3842,5154,3025,2702
Ocean,34029,2020,233729,188419,45310,0.8061430117785983,0.1938569882214017,574,15552,22158,28950,18864,22840,41838,27082,10561,2476,9766,8606,7417,3474,3214,5104,3535,1718
Passaic,34031,2020,172563,90181,82382,0.5225975440853485,0.47740245591465147,268,6893,14512,18242,11267,11017,17025,7641,3316,2458,14538,17877,17454,6842,6806,9840,4379,2188
Salem,34033,2020,24689,17702,6987,0.7169994734497145,0.28300052655028557,154,1416,2524,3377,1806,2117,3414,2190,704,119,1342,1329,1294,789,382,992,393,347
Somerset,34035,2020,126773,96028,30745,0.7574799050270957,0.24252009497290433,441,7960,15772,21670,12444,11907,15381,7394,3059,811,7516,6770,5349,2544,1846,2542,2052,1315
Sussex,34037,2020,56432,49030,7402,0.8688332860788205,0.13116671392117948,460,4866,7270,10058,5992,6572,8552,4038,1222,387,1194,1484,1280,706,699,920,372,360
Union,34039,2020,197123,113343,83780,0.574986176143829,0.42501382385617104,346,7858,20726,25438,13007,12636,19294,9958,4080,1958,16550,19522,15887,7535,7104,8426,4640,2158
Warren,34041,2020,44375,31834,12541,0.7173859154929577,0.28261408450704223,198,2450,3922,7211,3762,4062,5484,3602,1143,614,2328,1990,2033,1379,1321,1764,696,416
Atlantic,34001,2021,112299,75198,37101,0.6696230598669624,0.3303769401330377,989,6454,10435,12716,8187,10513,15754,7330,2820,1606,5809,7430,5704,3803,3155,5738,3006,850
Bergen,34003,2021,352030,234102,117928,0.6650058233673266,0.33499417663267334,680,12649,39748,50167,26495,29915,42093,22648,9707,3155,23817,26075,21733,8468,10655,13544,5741,4740
Burlington,34005,2021,175859,136141,39718,0.7741486076913892,0.22585139230861087,1075,10720,21982,26616,16176,17264,25418,12131,4759,2336,11397,8133,4727,2894,3024,3638,1975,1594
Camden,34007,2021,201158,131385,69773,0.6531433002913133,0.3468566997086867,787,13562,22773,26215,14081,14361,23160,11857,4589,4097,16970,14418,8998,5820,4918,8610,3921,2021
Cape May,34009,2021,48860,38163,10697,0.7810683585755219,0.2189316414244781,1475,3548,4802,5970,3100,5178,8022,4579,1489,1532,1633,1760,1132,779,1334,1127,986,414
Cumberland,34011,2021,53883,35266,18617,0.6544921403782269,0.3455078596217731,220,4579,5183,6373,3974,3456,6771,3340,1370,1267,3232,3220,3636,1522,1433,2954,1001,352
Essex,34013,2021,322453,143674,178779,0.4455657103515861,0.5544342896484139,874,9305,25968,32848,15011,16758,24615,12887,5408,5695,36916,40518,32187,16695,13709,19407,9276,4376
Gloucester,34015,2021,112502,90679,21823,0.8060212262893104,0.19397877371068958,232,10004,16815,17361,9966,9712,16475,7706,2408,894,4184,4037,3937,1661,2072,3625,988,425
Hudson,34017,2021,292000,94167,197833,0.3224897260273973,0.6775102739726028,923,11903,18173,17007,9598,9870,15670,8222,2801,6606,57040,45139,33702,15617,11417,17622,7406,3284
Hunterdon,34019,2021,51292,44572,6720,0.8689854168291351,0.13101458317086484,0,3502,6829,8588,6415,5570,8639,2955,2074,188,1342,950,967,764,875,811,613,210
Mercer,34021,2021,143970,90821,53149,0.6308328123914705,0.36916718760852957,656,6297,13742,19418,9650,12981,16565,8590,2922,2108,10431,12258,9592,5164,3809,5764,2683,1340
Middlesex,34023,2021,307831,199177,108654,0.6470335996049781,0.3529664003950219,900,12848,32777,42686,25122,22117,37847,17518,7362,5897,26893,28178,16908,6823,7136,10736,4610,1473
Monmouth,34025,2021,250738,189905,60833,0.7573842018361796,0.2426157981638204,1093,12404,29038,38681,24354,24853,36072,17579,5831,1596,12764,8537,9944,5385,5434,9721,4506,2946
Morris,34027,2021,192847,145301,47546,0.7534522185981634,0.2465477814018367,349,11513,23059,31431,20473,15600,24799,13162,4915,1085,11796,10685,6203,4135,3433,4657,2905,2647
Ocean,34029,2021,240736,193793,46943,0.8050021600425362,0.19499783995746378,597,16918,22290,28910,19002,23328,45078,25909,11761,2764,10446,9794,8023,3407,3262,4885,3112,1250
Passaic,34031,2021,177063,92159,84904,0.5204870582786918,0.47951294172130826,116,7750,15169,18201,11599,11172,17189,8907,2056,2326,15744,18234,17654,6789,7519,10068,4581,1989
Salem,34033,2021,24973,17937,7036,0.7182557161734674,0.28174428382653266,96,1525,2341,3535,1915,1828,3668,2127,902,92,1672,1023,1053,1082,172,1358,244,340
Somerset,34035,2021,130939,100542,30397,0.767853733417851,0.23214626658214893,404,9494,16895,21957,12076,13060,16433,7688,2535,807,7420,6206,5876,1915,2134,2738,2282,1019
Sussex,34037,2021,58767,50953,7814,0.8670342198853098,0.1329657801146902,656,5575,8210,9666,6561,6353,8703,4432,797,262,1318,1242,1379,725,981,1158,587,162
Union,34039,2021,201392,115020,86372,0.5711249702073568,0.4288750297926432,313,8278,21366,24930,13813,11762,20741,10411,3406,2119,16305,18852,16434,7893,8938,9070,4625,2136
Warren,34041,2021,46353,34019,12334,0.7339115051884452,0.26608849481155483,396,3175,4295,7662,3638,4763,5173,4088,829,963,2269,1959,1514,1893,1163,1711,377,485
Atlantic,34001,2022,106972,74931,32041,0.700473020977452,0.29952697902254793,1269,5742,8835,13549,8088,11337,14130,8887,3094,64,6948,6996,5559,2158,3244,4880,1216,976
Bergen,34003,2022,354937,233045,121892,0.6565813087956455,0.3434186912043546,527,14590,37769,49059,25982,27454,42992,25462,9210,3289,23738,27412,23173,9634,10430,12231,8601,3384
Burlington,34005,2022,176334,135057,41277,0.7659158188437851,0.2340841811562149,668,10664,22197,27067,14239,15773,25110,14700,4639,3235,9505,7943,4628,3289,3011,4706,2757,2203
Camden,34007,2022,203530,134618,68912,0.6614160074681865,0.3385839925318135,678,13128,22961,26945,13599,15379,25859,11819,4250,4113,17181,13660,10027,4306,5850,6891,4727,2157
Cape May,34009,2022,48563,37046,11517,0.762844140600869,0.23715585939913103,0,3538,3777,5002,3687,4790,8950,5524,1778,2506,2575,1859,1113,251,1029,1130,844,210
Cumberland,34011,2022,54961,36759,18202,0.6688197085205874,0.3311802914794127,686,4490,5695,6322,4681,3851,6178,3478,1378,822,3584,4228,1949,799,1641,2809,1443,927
Essex,34013,2022,321371,148132,173239,0.4609376701693681,0.5390623298306318,1050,11385,26238,33510,15756,15278,25748,13503,5664,6381,36833,34646,32192,14699,14149,20521,10963,2855
Gloucester,34015,2022,111781,90355,21426,0.8083216288993658,0.19167837110063426,358,9093,15063,17710,9930,10953,15820,8476,2952,2291,4269,4083,2171,1047,2773,2914,1425,453
Hudson,34017,2022,304526,98457,206069,0.3233122951734827,0.6766877048265173,707,11385,19717,19209,10491,9257,16548,9020,2123,11462,61375,43405,30456,15749,12048,17909,9916,3749
Hunterdon,34019,2022,50515,43634,6881,0.8637830347421558,0.1362169652578442,130,2990,5641,9513,5681,5712,7711,5043,1213,277,993,1208,1355,697,506,1253,426,166
Mercer,34021,2022,144989,92391,52598,0.6372276517528916,0.3627723482471084,451,6600,16883,19011,9647,10822,16620,9136,3221,3480,11606,9117,8233,4631,4345,6534,3025,1627
Middlesex,34023,2022,306950,199382,107568,0.6495585600260628,0.3504414399739371,623,13293,35217,41307,21842,24414,35463,18951,8272,5164,27052,24381,19053,9528,5434,9914,4900,2142
Monmouth,34025,2022,253767,193351,60416,0.7619233391260487,0.2380766608739513,911,15407,28622,38291,20263,26275,36328,20802,6452,1668,13309,10535,8468,6264,5705,7111,4393,2963
Morris,34027,2022,194141,145497,48644,0.7494398401162042,0.2505601598837958,525,10277,25579,30287,17288,15765,24914,16230,4632,2716,11356,8316,7106,3218,4403,5809,3364,2356
Ocean,34029,2022,241983,195515,46468,0.8079699813623271,0.19203001863767288,573,18444,21334,27722,19189,23613,43392,30434,10814,2859,9774,10515,7077,2538,3701,5606,2140,2258
Passaic,34031,2022,179292,96083,83209,0.5359023269303705,0.46409767306962946,483,8394,14484,17685,11355,12540,18292,9382,3468,2651,15937,17011,17447,7292,5556,9892,6537,886
Salem,34033,2022,25221,18889,6332,0.7489393759168946,0.25106062408310537,44,2095,2834,3866,1603,2156,3801,1534,956,160,421,1584,845,636,1055,1032,357,242
Somerset,34035,2022,130178,100332,29846,0.7707293090998479,0.2292706909001521,370,8583,16552,22720,11692,12344,15992,9339,2740,261,6186,8558,3878,2180,3155,2768,1930,930
Sussex,34037,2022,58885,50049,8836,0.8499448076759786,0.1500551923240214,528,5339,8298,9053,6158,6031,8696,4237,1709,355,1789,2045,1328,833,930,876,440,240
Union,34039,2022,202575,115513,87062,0.5702233740589905,0.4297766259410095,227,9117,18729,26254,14088,12425,19606,11102,3965,3664,16894,17922,15374,9576,5975,9714,4028,3915
Warren,34041,2022,45507,33959,11548,0.7462368426835432,0.2537631573164568,0,3842,5096,6888,4072,3598,6781,2761,921,562,1650,2480,1595,745,1160,1474,1562,320
Atlantic,34001,2023,111158,74940,36218,0.6741754979398694,0.32582450206013064,1076,6258,10798,11599,7229,11298,15702,8525,2455,986,7286,7474,6111,2459,2736,4959,3223,984
Bergen,34003,2023,356438,231063,125375,0.6482557976422267,0.3517442023577733,341,14908,36712,46875,27707,28452,38681,26737,10650,2936,23312,29180,19699,10790,10763,15554,9648,3493
Burlington,34005,2023,179477,137492,41985,0.766070304272971,0.2339296957270291,823,11599,24821,24608,15666,15119,26305,14714,3837,1530,9938,8002,6311,4410,1800,5247,3384,1363
Camden,34007,2023,201670,134076,67594,0.6648286805176774,0.3351713194823226,826,13961,25242,25995,13495,13747,24858,12653,3299,2449,14472,14267,8699,6362,6651,8015,4170,2509
Cape May,34009,2023,47516,39371,8145,0.828584055896961,0.17141594410303898,2191,3501,3849,5147,3417,4371,9541,6141,1213,1292,1606,873,1301,544,401,871,922,335
Cumberland,34011,2023,54482,36090,18392,0.6624206159832605,0.3375793840167395,297,4082,4583,7204,3526,4655,6618,3996,1129,71,2839,3732,3265,1356,1443,4431,796,459
Essex,34013,2023,322456,146736,175720,0.455057434192572,0.544942565807428,171,9742,29845,31139,14683,17713,24819,13924,4700,8567,32424,34787,34024,15399,13683,20433,12138,4265
Gloucester,34015,2023,113391,89768,23623,0.7916677690469262,0.20833223095307388,865,8254,16042,17245,9158,10719,16660,8593,2232,1803,4687,4839,3546,1792,1602,2737,1900,717
Hudson,34017,2023,305743,88102,217641,0.28815704693157324,0.7118429530684267,1058,11183,18027,15420,8920,9192,13440,8708,2154,12065,65587,48511,32425,12070,13633,20289,9439,3622
Hunterdon,34019,2023,51186,43834,7352,0.8563669753448209,0.14363302465517916,100,2957,6635,8411,5063,5942,8412,4846,1468,75,1791,1560,1031,713,227,1005,865,85
Mercer,34021,2023,146258,88183,58075,0.6029277031000013,0.3970722968999986,580,5828,14998,19714,9663,10484,15063,8217,3636,1787,14096,10821,9127,3668,5013,8651,3294,1618
Middlesex,34023,2023,311100,196353,114747,0.6311571841851494,0.3688428158148505,1299,12171,32369,43665,20284,22816,37439,18237,8073,4799,28875,26475,19716,7916,7734,11121,5083,3028
Monmouth,34025,2023,252995,188381,64614,0.7446036482934445,0.25539635170655545,968,12314,28689,36313,22049,25096,37792,19249,5911,2100,15997,10953,9387,4720,4555,8383,5766,2753
Morris,34027,2023,193192,144520,48672,0.7480641020332105,0.2519358979667895,196,11141,23334,29933,17308,17032,25370,15205,5001,2338,10774,8668,9417,3678,4154,4244,3392,2007
Ocean,34029,2023,245827,197440,48387,0.8031664544578098,0.19683354554219024,643,14590,24033,29197,18930,22744,44199,31409,11695,3321,13031,8740,6489,2896,3251,6169,3388,1102
Passaic,34031,2023,178277,97018,81259,0.5441980737840552,0.45580192621594484,615,6218,16021,19563,9570,11665,18068,11655,3643,3348,16056,16090,14435,5440,8577,9694,5838,1781
Salem,34033,2023,25207,18245,6962,0.7238068790415361,0.27619312095846393,210,1607,2811,3893,1557,2216,3643,1889,419,673,767,1670,1124,298,719,930,692,89
Somerset,34035,2023,132047,98372,33675,0.7449771672207623,0.2550228327792377,230,7454,17636,21050,12443,10944,17137,9215,2263,1291,7935,5451,5607,3140,2842,4067,1549,1793
Sussex,34037,2023,58679,49903,8776,0.8504405323880775,0.1495594676119225,164,5474,8966,8394,5616,6482,8887,5289,631,371,1745,1197,1578,464,936,1417,599,469
Union,34039,2023,206095,121379,84716,0.5889468449016231,0.411053155098377,975,9686,22272,26448,12531,14224,20214,11015,4014,2413,15256,19541,14450,8901,6959,9567,5331,2298
Warren,34041,2023,45263,34186,11077,0.7552747277025385,0.2447252722974615,133,2558,5528,5814,5197,3169,7296,3871,620,240,2541,2319,1416,802,342,1859,1299,259
