State,County,FIPS code,Year,Annual Change (%),HPI,HPI with 1990 base,HPI with 2000 base
NJ,Atlantic,34001,1975,,100.00,28.57,24.44
NJ,Atlantic,34001,1976,-1.37,98.63,28.18,24.11
NJ,Atlantic,34001,1977,-2.71,95.97,27.42,23.46
NJ,Atlantic,34001,1978,25.29,120.23,34.35,29.39
NJ,Atlantic,34001,1979,35.13,162.47,46.42,39.71
NJ,Atlantic,34001,1980,32.17,214.73,61.35,52.48
NJ,Atlantic,34001,1981,9.82,235.81,67.38,57.64
NJ,Atlantic,34001,1982,0.41,236.77,67.65,57.87
NJ,Atlantic,34001,1983,-9.61,214.02,61.15,52.31
NJ,Atlantic,34001,1984,6.70,228.35,65.25,55.81
NJ,Atlantic,34001,1985,4.15,237.84,67.96,58.13
NJ,Atlantic,34001,1986,7.55,255.79,73.09,62.52
NJ,Atlantic,34001,1987,10.23,281.97,80.57,68.92
NJ,Atlantic,34001,1988,12.62,317.56,90.73,77.62
NJ,Atlantic,34001,1989,9.48,347.66,99.34,84.98
NJ,Atlantic,34001,1990,0.67,349.99,100.00,85.54
NJ,Atlantic,34001,1991,-0.02,349.92,99.98,85.53
NJ,Atlantic,34001,1992,-0.03,349.81,99.95,85.50
NJ,Atlantic,34001,1993,0.01,349.87,99.97,85.51
NJ,Atlantic,34001,1994,-2.20,342.16,97.76,83.63
NJ,Atlantic,34001,1995,-1.04,338.60,96.75,82.76
NJ,Atlantic,34001,1996,0.93,341.77,97.65,83.53
NJ,Atlantic,34001,1997,3.19,352.66,100.76,86.20
NJ,Atlantic,34001,1998,4.72,369.32,105.52,90.27
NJ,Atlantic,34001,1999,2.43,378.30,108.09,92.46
NJ,Atlantic,34001,2000,8.15,409.13,116.90,100.00
NJ,Atlantic,34001,2001,8.61,444.35,126.96,108.61
NJ,Atlantic,34001,2002,9.60,487.03,139.16,119.04
NJ,Atlantic,34001,2003,9.96,535.51,153.01,130.89
NJ,Atlantic,34001,2004,19.26,638.67,182.48,156.10
NJ,Atlantic,34001,2005,20.81,771.58,220.46,188.59
NJ,Atlantic,34001,2006,12.56,868.49,248.15,212.27
NJ,Atlantic,34001,2007,-0.67,862.63,246.48,210.84
NJ,Atlantic,34001,2008,-5.51,815.09,232.89,199.22
NJ,Atlantic,34001,2009,-10.26,731.47,209.00,178.79
NJ,Atlantic,34001,2010,-5.57,690.72,197.36,168.82
NJ,Atlantic,34001,2011,-5.32,653.95,186.85,159.84
NJ,Atlantic,34001,2012,-5.71,616.62,176.18,150.71
NJ,Atlantic,34001,2013,0.05,616.95,176.28,150.79
NJ,Atlantic,34001,2014,-0.79,612.07,174.88,149.60
NJ,Atlantic,34001,2015,-1.26,604.32,172.67,147.71
NJ,Atlantic,34001,2016,-0.71,600.06,171.45,146.66
NJ,Atlantic,34001,2017,-1.85,588.93,168.27,143.94
NJ,Atlantic,34001,2018,4.51,615.47,175.86,150.43
NJ,Atlantic,34001,2019,5.57,649.77,185.66,158.82
NJ,Atlantic,34001,2020,5.39,684.82,195.67,167.38
NJ,Atlantic,34001,2021,15.65,792.02,226.30,193.58
NJ,Atlantic,34001,2022,18.17,935.95,267.43,228.76
NJ,Atlantic,34001,2023,12.14,1049.61,299.90,256.55
NJ,Atlantic,34001,2024,9.27,1146.95,327.71,280.34
NJ,Atlantic,34001,2025,7.78,1236.15,353.20,302.14
NJ,Bergen,34003,1975,,100.00,23.32,17.94
NJ,Bergen,34003,1976,6.87,106.87,24.93,19.18
NJ,Bergen,34003,1977,6.59,113.92,26.57,20.44
NJ,Bergen,34003,1978,10.05,125.36,29.24,22.49
NJ,Bergen,34003,1979,24.07,155.53,36.28,27.91
NJ,Bergen,34003,1980,12.00,174.19,40.63,31.25
NJ,Bergen,34003,1981,9.45,190.65,44.47,34.21
NJ,Bergen,34003,1982,3.44,197.21,46.00,35.38
NJ,Bergen,34003,1983,6.17,209.37,48.83,37.57
NJ,Bergen,34003,1984,18.86,248.85,58.04,44.65
NJ,Bergen,34003,1985,19.76,298.03,69.51,53.48
NJ,Bergen,34003,1986,21.73,362.80,84.62,65.10
NJ,Bergen,34003,1987,18.08,428.39,99.92,76.87
NJ,Bergen,34003,1988,7.28,459.59,107.19,82.46
NJ,Bergen,34003,1989,-1.98,450.51,105.08,80.83
NJ,Bergen,34003,1990,-4.83,428.75,100.00,76.93
NJ,Bergen,34003,1991,-4.05,411.39,95.95,73.81
NJ,Bergen,34003,1992,0.93,415.22,96.84,74.50
NJ,Bergen,34003,1993,1.00,419.36,97.81,75.24
NJ,Bergen,34003,1994,1.07,423.84,98.86,76.05
NJ,Bergen,34003,1995,1.14,428.67,99.98,76.91
NJ,Bergen,34003,1996,1.91,436.85,101.89,78.38
NJ,Bergen,34003,1997,1.64,444.02,103.56,79.67
NJ,Bergen,34003,1998,4.77,465.21,108.51,83.47
NJ,Bergen,34003,1999,5.55,491.02,114.52,88.10
NJ,Bergen,34003,2000,13.51,557.33,129.99,100.00
NJ,Bergen,34003,2001,9.02,607.58,141.71,109.02
NJ,Bergen,34003,2002,10.77,673.04,156.98,120.76
NJ,Bergen,34003,2003,6.97,719.98,167.93,129.18
NJ,Bergen,34003,2004,13.66,818.33,190.86,146.83
NJ,Bergen,34003,2005,16.34,952.01,222.04,170.82
NJ,Bergen,34003,2006,8.07,1028.82,239.96,184.60
NJ,Bergen,34003,2007,-0.58,1022.83,238.56,183.52
NJ,Bergen,34003,2008,-3.86,983.31,229.35,176.43
NJ,Bergen,34003,2009,-7.76,906.97,211.54,162.74
NJ,Bergen,34003,2010,-3.36,876.54,204.44,157.28
NJ,Bergen,34003,2011,-3.26,847.96,197.78,152.15
NJ,Bergen,34003,2012,-2.54,826.39,192.75,148.28
NJ,Bergen,34003,2013,0.63,831.57,193.95,149.21
NJ,Bergen,34003,2014,3.33,859.29,200.42,154.18
NJ,Bergen,34003,2015,2.62,881.81,205.67,158.22
NJ,Bergen,34003,2016,2.67,905.35,211.16,162.45
NJ,Bergen,34003,2017,2.83,931.00,217.15,167.05
NJ,Bergen,34003,2018,3.31,961.83,224.34,172.58
NJ,Bergen,34003,2019,2.16,982.64,229.19,176.31
NJ,Bergen,34003,2020,2.51,1007.26,234.93,180.73
NJ,Bergen,34003,2021,7.71,1084.93,253.05,194.67
NJ,Bergen,34003,2022,10.31,1196.75,279.13,214.73
NJ,Bergen,34003,2023,9.04,1304.93,304.36,234.14
NJ,Bergen,34003,2024,9.89,1434.05,334.48,257.31
NJ,Bergen,34003,2025,6.79,1531.35,357.17,274.77
NJ,Burlington,34005,1975,,100.00,27.42,24.92
NJ,Burlington,34005,1976,3.78,103.78,28.46,25.86
NJ,Burlington,34005,1977,-0.29,103.47,28.37,25.79
NJ,Burlington,34005,1978,13.05,116.97,32.08,29.15
NJ,Burlington,34005,1979,23.34,144.28,39.56,35.96
NJ,Burlington,34005,1980,19.87,172.95,47.43,43.10
NJ,Burlington,34005,1981,7.57,186.05,51.02,46.36
NJ,Burlington,34005,1982,0.30,186.59,51.17,46.50
NJ,Burlington,34005,1983,5.71,197.26,54.09,49.16
NJ,Burlington,34005,1984,6.14,209.38,57.42,52.18
NJ,Burlington,34005,1985,7.27,224.60,61.59,55.97
NJ,Burlington,34005,1986,11.07,249.46,68.41,62.17
NJ,Burlington,34005,1987,18.09,294.59,80.78,73.41
NJ,Burlington,34005,1988,19.06,350.72,96.18,87.40
NJ,Burlington,34005,1989,4.73,367.30,100.72,91.54
NJ,Burlington,34005,1990,-0.72,364.66,100.00,90.88
NJ,Burlington,34005,1991,-2.38,355.98,97.62,88.71
NJ,Burlington,34005,1992,-0.07,355.72,97.55,88.65
NJ,Burlington,34005,1993,0.09,356.04,97.64,88.73
NJ,Burlington,34005,1994,0.09,356.37,97.73,88.81
NJ,Burlington,34005,1995,-0.22,355.60,97.51,88.62
NJ,Burlington,34005,1996,1.40,360.58,98.88,89.86
NJ,Burlington,34005,1997,1.64,366.49,100.50,91.33
NJ,Burlington,34005,1998,1.59,372.33,102.10,92.79
NJ,Burlington,34005,1999,2.06,380.00,104.21,94.70
NJ,Burlington,34005,2000,5.60,401.27,110.04,100.00
NJ,Burlington,34005,2001,7.80,432.57,118.62,107.80
NJ,Burlington,34005,2002,10.24,476.87,130.77,118.84
NJ,Burlington,34005,2003,8.25,516.20,141.55,128.64
NJ,Burlington,34005,2004,15.31,595.21,163.22,148.33
NJ,Burlington,34005,2005,16.17,691.44,189.61,172.31
NJ,Burlington,34005,2006,9.03,753.88,206.73,187.87
NJ,Burlington,34005,2007,0.15,754.99,207.04,188.15
NJ,Burlington,34005,2008,-4.20,723.31,198.35,180.26
NJ,Burlington,34005,2009,-7.86,666.48,182.77,166.09
NJ,Burlington,34005,2010,-4.34,637.57,174.84,158.89
NJ,Burlington,34005,2011,-5.80,600.57,164.69,149.67
NJ,Burlington,34005,2012,-3.97,576.74,158.16,143.73
NJ,Burlington,34005,2013,-0.22,575.50,157.82,143.42
NJ,Burlington,34005,2014,1.89,586.39,160.80,146.13
NJ,Burlington,34005,2015,1.84,597.16,163.76,148.82
NJ,Burlington,34005,2016,1.22,604.44,165.75,150.63
NJ,Burlington,34005,2017,1.61,614.17,168.42,153.06
NJ,Burlington,34005,2018,2.03,626.64,171.84,156.16
NJ,Burlington,34005,2019,3.31,647.36,177.52,161.33
NJ,Burlington,34005,2020,3.92,672.74,184.48,167.65
NJ,Burlington,34005,2021,12.49,756.77,207.53,188.60
NJ,Burlington,34005,2022,16.81,884.01,242.42,220.30
NJ,Burlington,34005,2023,11.92,989.35,271.30,246.56
NJ,Burlington,34005,2024,9.26,1080.98,296.43,269.39
NJ,Burlington,34005,2025,5.69,1142.53,313.31,284.73
NJ,Camden,34007,1975,,100.00,32.86,31.14
NJ,Camden,34007,1976,-1.03,98.97,32.52,30.82
NJ,Camden,34007,1977,2.70,101.64,33.40,31.65
NJ,Camden,34007,1978,7.55,109.32,35.92,34.05
NJ,Camden,34007,1979,15.86,126.66,41.61,39.45
NJ,Camden,34007,1980,14.55,145.09,47.67,45.19
NJ,Camden,34007,1981,10.47,160.27,52.66,49.91
NJ,Camden,34007,1982,2.18,163.76,53.80,51.00
NJ,Camden,34007,1983,3.80,169.99,55.85,52.94
NJ,Camden,34007,1984,6.43,180.92,59.44,56.34
NJ,Camden,34007,1985,5.70,191.24,62.83,59.56
NJ,Camden,34007,1986,8.73,207.92,68.31,64.75
NJ,Camden,34007,1987,15.08,239.28,78.62,74.52
NJ,Camden,34007,1988,17.27,280.60,92.19,87.39
NJ,Camden,34007,1989,7.03,300.34,98.68,93.54
NJ,Camden,34007,1990,1.34,304.36,100.00,94.79
NJ,Camden,34007,1991,-1.78,298.95,98.22,93.10
NJ,Camden,34007,1992,0.03,299.05,98.25,93.13
NJ,Camden,34007,1993,-0.31,298.13,97.95,92.85
NJ,Camden,34007,1994,-0.71,296.00,97.25,92.18
NJ,Camden,34007,1995,-0.27,295.19,96.99,91.93
NJ,Camden,34007,1996,0.29,296.03,97.26,92.20
NJ,Camden,34007,1997,-0.25,295.28,97.02,91.96
NJ,Camden,34007,1998,2.89,303.83,99.82,94.62
NJ,Camden,34007,1999,1.90,309.61,101.72,96.42
NJ,Camden,34007,2000,3.71,321.09,105.50,100.00
NJ,Camden,34007,2001,7.60,345.49,113.51,107.60
NJ,Camden,34007,2002,9.13,377.04,123.88,117.42
NJ,Camden,34007,2003,8.03,407.32,133.83,126.85
NJ,Camden,34007,2004,15.37,469.92,154.40,146.35
NJ,Camden,34007,2005,16.04,545.32,179.17,169.83
NJ,Camden,34007,2006,10.25,601.22,197.53,187.24
NJ,Camden,34007,2007,1.79,611.95,201.06,190.58
NJ,Camden,34007,2008,-3.84,588.45,193.34,183.26
NJ,Camden,34007,2009,-7.54,544.09,178.76,169.45
NJ,Camden,34007,2010,-4.43,520.00,170.85,161.95
NJ,Camden,34007,2011,-5.69,490.39,161.12,152.72
NJ,Camden,34007,2012,-5.16,465.10,152.81,144.85
NJ,Camden,34007,2013,0.05,465.35,152.89,144.93
NJ,Camden,34007,2014,1.61,472.82,155.35,147.25
NJ,Camden,34007,2015,1.15,478.27,157.14,148.95
NJ,Camden,34007,2016,2.16,488.59,160.53,152.16
NJ,Camden,34007,2017,2.44,500.50,164.44,155.87
NJ,Camden,34007,2018,3.78,519.44,170.66,161.77
NJ,Camden,34007,2019,3.52,537.72,176.67,167.46
NJ,Camden,34007,2020,5.03,564.74,185.55,175.88
NJ,Camden,34007,2021,13.72,642.24,211.01,200.02
NJ,Camden,34007,2022,17.77,756.40,248.52,235.57
NJ,Camden,34007,2023,12.74,852.75,280.18,265.58
NJ,Camden,34007,2024,9.01,929.55,305.41,289.50
NJ,Camden,34007,2025,5.82,983.67,323.19,306.35
NJ,Cape May,34009,1975,,100.00,30.00,21.87
NJ,Cape May,34009,1976,8.46,108.46,32.54,23.72
NJ,Cape May,34009,1977,-12.20,95.23,28.57,20.83
NJ,Cape May,34009,1978,9.83,104.59,31.38,22.87
NJ,Cape May,34009,1979,33.49,139.61,41.88,30.53
NJ,Cape May,34009,1980,26.51,176.63,52.99,38.63
NJ,Cape May,34009,1981,10.26,194.75,58.43,42.59
NJ,Cape May,34009,1982,-3.55,187.84,56.35,41.08
NJ,Cape May,34009,1983,-0.23,187.40,56.22,40.99
NJ,Cape May,34009,1984,5.61,197.91,59.37,43.28
NJ,Cape May,34009,1985,6.43,210.64,63.19,46.07
NJ,Cape May,34009,1986,9.07,229.74,68.92,50.25
NJ,Cape May,34009,1987,15.06,264.35,79.30,57.82
NJ,Cape May,34009,1988,14.54,302.78,90.83,66.22
NJ,Cape May,34009,1989,10.00,333.06,99.92,72.84
NJ,Cape May,34009,1990,0.08,333.33,100.00,72.90
NJ,Cape May,34009,1991,0.67,335.57,100.67,73.39
NJ,Cape May,34009,1992,1.09,339.23,101.77,74.19
NJ,Cape May,34009,1993,0.25,340.07,102.02,74.38
NJ,Cape May,34009,1994,-0.01,340.03,102.01,74.37
NJ,Cape May,34009,1995,-1.92,333.50,100.05,72.94
NJ,Cape May,34009,1996,2.73,342.61,102.78,74.93
NJ,Cape May,34009,1997,2.30,350.48,105.14,76.65
NJ,Cape May,34009,1998,5.65,370.27,111.08,80.98
NJ,Cape May,34009,1999,6.88,395.76,118.73,86.56
NJ,Cape May,34009,2000,15.53,457.22,137.17,100.00
NJ,Cape May,34009,2001,13.53,519.10,155.73,113.53
NJ,Cape May,34009,2002,12.75,585.29,175.59,128.01
NJ,Cape May,34009,2003,9.80,642.63,192.79,140.55
NJ,Cape May,34009,2004,21.32,779.65,233.90,170.52
NJ,Cape May,34009,2005,21.99,951.10,285.33,208.02
NJ,Cape May,34009,2006,10.88,1054.61,316.38,230.66
NJ,Cape May,34009,2007,-2.96,1023.37,307.01,223.82
NJ,Cape May,34009,2008,-4.09,981.55,294.47,214.68
NJ,Cape May,34009,2009,-6.85,914.36,274.31,199.98
NJ,Cape May,34009,2010,-4.90,869.52,260.86,190.17
NJ,Cape May,34009,2011,-4.29,832.21,249.66,182.01
NJ,Cape May,34009,2012,-2.01,815.50,244.65,178.36
NJ,Cape May,34009,2013,0.10,816.34,244.90,178.54
NJ,Cape May,34009,2014,-1.58,803.42,241.03,175.72
NJ,Cape May,34009,2015,2.95,827.15,248.15,180.91
NJ,Cape May,34009,2016,0.45,830.86,249.26,181.72
NJ,Cape May,34009,2017,2.98,855.64,256.69,187.14
NJ,Cape May,34009,2018,4.54,894.51,268.35,195.64
NJ,Cape May,34009,2019,6.10,949.12,284.74,207.58
NJ,Cape May,34009,2020,6.37,1009.57,302.87,220.80
NJ,Cape May,34009,2021,15.59,1166.95,350.08,255.22
NJ,Cape May,34009,2022,19.34,1392.67,417.80,304.59
NJ,Cape May,34009,2023,11.37,1551.02,465.31,339.23
NJ,Cape May,34009,2024,11.91,1735.79,520.74,379.64
NJ,Cape May,34009,2025,3.94,1804.19,541.26,394.60
NJ,Cumberland,34011,1975,,100.00,33.26,29.51
NJ,Cumberland,34011,1976,5.83,105.83,35.20,31.23
NJ,Cumberland,34011,1977,4.21,110.28,36.68,32.55
NJ,Cumberland,34011,1978,7.98,119.09,39.61,35.14
NJ,Cumberland,34011,1979,14.22,136.02,45.24,40.14
NJ,Cumberland,34011,1980,6.79,145.25,48.31,42.86
NJ,Cumberland,34011,1981,9.38,158.87,52.84,46.88
NJ,Cumberland,34011,1982,11.20,176.66,58.76,52.13
NJ,Cumberland,34011,1983,-7.25,163.85,54.50,48.35
NJ,Cumberland,34011,1984,8.74,178.17,59.26,52.58
NJ,Cumberland,34011,1985,4.63,186.43,62.01,55.01
NJ,Cumberland,34011,1986,7.97,201.28,66.95,59.40
NJ,Cumberland,34011,1987,12.94,227.33,75.61,67.09
NJ,Cumberland,34011,1988,14.74,260.84,86.76,76.97
NJ,Cumberland,34011,1989,12.35,293.06,97.47,86.48
NJ,Cumberland,34011,1990,2.59,300.66,100.00,88.73
NJ,Cumberland,34011,1991,-0.31,299.73,99.69,88.45
NJ,Cumberland,34011,1992,1.83,305.23,101.52,90.07
NJ,Cumberland,34011,1993,0.32,306.19,101.84,90.36
NJ,Cumberland,34011,1994,0.40,307.42,102.25,90.72
NJ,Cumberland,34011,1995,0.94,310.30,103.21,91.57
NJ,Cumberland,34011,1996,1.58,315.19,104.83,93.01
NJ,Cumberland,34011,1997,1.85,321.02,106.77,94.73
NJ,Cumberland,34011,1998,2.76,329.87,109.71,97.34
NJ,Cumberland,34011,1999,1.35,334.30,111.19,98.65
NJ,Cumberland,34011,2000,1.36,338.87,112.71,100.00
NJ,Cumberland,34011,2001,5.85,358.68,119.30,105.85
NJ,Cumberland,34011,2002,6.32,381.34,126.83,112.53
NJ,Cumberland,34011,2003,5.40,401.94,133.69,118.61
NJ,Cumberland,34011,2004,12.68,452.91,150.64,133.66
NJ,Cumberland,34011,2005,18.35,536.04,178.29,158.19
NJ,Cumberland,34011,2006,14.74,615.03,204.56,181.50
NJ,Cumberland,34011,2007,3.52,636.71,211.77,187.89
NJ,Cumberland,34011,2008,-4.77,606.34,201.67,178.93
NJ,Cumberland,34011,2009,-8.19,556.71,185.16,164.28
NJ,Cumberland,34011,2010,-4.52,531.55,176.79,156.86
NJ,Cumberland,34011,2011,-4.99,505.02,167.97,149.03
NJ,Cumberland,34011,2012,-3.73,486.16,161.70,143.47
NJ,Cumberland,34011,2013,-2.10,475.95,158.30,140.45
NJ,Cumberland,34011,2014,-1.15,470.46,156.48,138.83
NJ,Cumberland,34011,2015,0.01,470.50,156.49,138.85
NJ,Cumberland,34011,2016,2.46,482.07,160.34,142.26
NJ,Cumberland,34011,2017,2.24,492.85,163.92,145.44
NJ,Cumberland,34011,2018,1.40,499.77,166.23,147.48
NJ,Cumberland,34011,2019,3.97,519.59,172.82,153.33
NJ,Cumberland,34011,2020,4.66,543.80,180.87,160.48
NJ,Cumberland,34011,2021,15.64,628.85,209.16,185.58
NJ,Cumberland,34011,2022,15.84,728.49,242.30,214.98
NJ,Cumberland,34011,2023,10.60,805.72,267.99,237.77
NJ,Cumberland,34011,2024,9.64,883.38,293.81,260.69
NJ,Cumberland,34011,2025,6.22,938.34,312.09,276.90
NJ,Essex,34013,1975,,100.00,23.37,18.65
NJ,Essex,34013,1976,2.31,102.31,23.91,19.08
NJ,Essex,34013,1977,8.57,111.07,25.95,20.72
NJ,Essex,34013,1978,12.07,124.48,29.09,23.22
NJ,Essex,34013,1979,22.13,152.03,35.52,28.36
NJ,Essex,34013,1980,9.69,166.77,38.97,31.11
NJ,Essex,34013,1981,5.78,176.40,41.22,32.90
NJ,Essex,34013,1982,3.14,181.95,42.51,33.94
NJ,Essex,34013,1983,9.56,199.34,46.58,37.18
NJ,Essex,34013,1984,18.66,236.53,55.27,44.12
NJ,Essex,34013,1985,20.74,285.59,66.73,53.27
NJ,Essex,34013,1986,22.83,350.80,81.97,65.43
NJ,Essex,34013,1987,18.37,415.24,97.03,77.45
NJ,Essex,34013,1988,9.13,453.16,105.89,84.53
NJ,Essex,34013,1989,-0.87,449.20,104.96,83.79
NJ,Essex,34013,1990,-4.73,427.96,100.00,79.83
NJ,Essex,34013,1991,-4.65,408.06,95.35,76.11
NJ,Essex,34013,1992,0.69,410.87,96.01,76.64
NJ,Essex,34013,1993,1.03,415.10,97.00,77.43
NJ,Essex,34013,1994,-0.07,414.80,96.92,77.37
NJ,Essex,34013,1995,-1.31,409.36,95.65,76.36
NJ,Essex,34013,1996,0.69,412.17,96.31,76.88
NJ,Essex,34013,1997,1.39,417.90,97.65,77.95
NJ,Essex,34013,1998,5.49,440.84,103.01,82.23
NJ,Essex,34013,1999,6.63,470.06,109.84,87.68
NJ,Essex,34013,2000,14.05,536.11,125.27,100.00
NJ,Essex,34013,2001,10.80,594.02,138.80,110.80
NJ,Essex,34013,2002,11.57,662.76,154.87,123.62
NJ,Essex,34013,2003,7.22,710.64,166.05,132.55
NJ,Essex,34013,2004,13.11,803.82,187.82,149.93
NJ,Essex,34013,2005,17.20,942.08,220.13,175.72
NJ,Essex,34013,2006,8.77,1024.70,239.44,191.13
NJ,Essex,34013,2007,1.11,1036.06,242.09,193.25
NJ,Essex,34013,2008,-3.83,996.42,232.83,185.86
NJ,Essex,34013,2009,-8.24,914.35,213.65,170.55
NJ,Essex,34013,2010,-2.91,887.76,207.44,165.59
NJ,Essex,34013,2011,-3.80,854.07,199.57,159.31
NJ,Essex,34013,2012,-2.69,831.13,194.21,155.03
NJ,Essex,34013,2013,0.63,836.34,195.42,156.00
NJ,Essex,34013,2014,5.00,878.13,205.19,163.80
NJ,Essex,34013,2015,3.16,905.86,211.67,168.97
NJ,Essex,34013,2016,3.04,933.43,218.11,174.11
NJ,Essex,34013,2017,3.85,969.35,226.50,180.81
NJ,Essex,34013,2018,3.03,998.68,233.36,186.28
NJ,Essex,34013,2019,3.44,1033.01,241.38,192.68
NJ,Essex,34013,2020,3.74,1071.60,250.40,199.88
NJ,Essex,34013,2021,9.82,1176.80,274.98,219.51
NJ,Essex,34013,2022,12.13,1319.49,308.32,246.12
NJ,Essex,34013,2023,10.89,1463.12,341.88,272.91
NJ,Essex,34013,2024,9.49,1602.03,374.34,298.82
NJ,Essex,34013,2025,5.81,1695.16,396.10,316.19
NJ,Gloucester,34015,1975,,100.00,29.94,27.27
NJ,Gloucester,34015,1976,10.55,110.55,33.10,30.15
NJ,Gloucester,34015,1977,0.98,111.63,33.42,30.45
NJ,Gloucester,34015,1978,11.47,124.43,37.25,33.94
NJ,Gloucester,34015,1979,15.40,143.59,42.99,39.16
NJ,Gloucester,34015,1980,19.68,171.84,51.45,46.87
NJ,Gloucester,34015,1981,5.23,180.83,54.14,49.32
NJ,Gloucester,34015,1982,2.23,184.86,55.35,50.42
NJ,Gloucester,34015,1983,2.66,189.78,56.82,51.76
NJ,Gloucester,34015,1984,5.50,200.22,59.94,54.61
NJ,Gloucester,34015,1985,4.24,208.71,62.49,56.92
NJ,Gloucester,34015,1986,7.01,223.35,66.87,60.92
NJ,Gloucester,34015,1987,15.55,258.08,77.27,70.39
NJ,Gloucester,34015,1988,17.79,303.99,91.01,82.91
NJ,Gloucester,34015,1989,8.18,328.87,98.46,89.70
NJ,Gloucester,34015,1990,1.56,334.01,100.00,91.10
NJ,Gloucester,34015,1991,-0.72,331.59,99.28,90.44
NJ,Gloucester,34015,1992,-0.21,330.90,99.07,90.25
NJ,Gloucester,34015,1993,0.20,331.56,99.27,90.43
NJ,Gloucester,34015,1994,0.50,333.20,99.76,90.88
NJ,Gloucester,34015,1995,-0.90,330.19,98.86,90.06
NJ,Gloucester,34015,1996,1.44,334.96,100.29,91.36
NJ,Gloucester,34015,1997,0.99,338.29,101.28,92.27
NJ,Gloucester,34015,1998,2.64,347.21,103.95,94.70
NJ,Gloucester,34015,1999,1.71,353.15,105.73,96.32
NJ,Gloucester,34015,2000,3.82,366.64,109.77,100.00
NJ,Gloucester,34015,2001,6.44,390.25,116.84,106.44
NJ,Gloucester,34015,2002,8.78,424.51,127.10,115.79
NJ,Gloucester,34015,2003,7.74,457.39,136.94,124.75
NJ,Gloucester,34015,2004,14.93,525.68,157.39,143.38
NJ,Gloucester,34015,2005,15.72,608.31,182.13,165.92
NJ,Gloucester,34015,2006,10.02,669.24,200.37,182.53
NJ,Gloucester,34015,2007,1.71,680.66,203.79,185.65
NJ,Gloucester,34015,2008,-3.38,657.66,196.90,179.38
NJ,Gloucester,34015,2009,-8.19,603.77,180.77,164.68
NJ,Gloucester,34015,2010,-4.74,575.17,172.20,156.88
NJ,Gloucester,34015,2011,-5.90,541.26,162.05,147.63
NJ,Gloucester,34015,2012,-5.53,511.32,153.09,139.46
NJ,Gloucester,34015,2013,0.39,513.31,153.68,140.01
NJ,Gloucester,34015,2014,2.11,524.15,156.93,142.96
NJ,Gloucester,34015,2015,0.74,528.03,158.09,144.02
NJ,Gloucester,34015,2016,1.15,534.10,159.91,145.68
NJ,Gloucester,34015,2017,1.91,544.29,162.96,148.45
NJ,Gloucester,34015,2018,1.43,552.07,165.29,150.58
NJ,Gloucester,34015,2019,3.42,570.92,170.93,155.72
NJ,Gloucester,34015,2020,4.63,597.35,178.84,162.93
NJ,Gloucester,34015,2021,14.48,683.87,204.75,186.52
NJ,Gloucester,34015,2022,17.70,804.93,240.99,219.54
NJ,Gloucester,34015,2023,12.97,909.31,272.24,248.01
NJ,Gloucester,34015,2024,8.11,983.06,294.32,268.13
NJ,Gloucester,34015,2025,5.17,1033.87,309.54,281.99
NJ,Hudson,34017,1977,,100.00,23.26,21.39
NJ,Hudson,34017,1978,21.59,121.59,28.29,26.01
NJ,Hudson,34017,1979,2.44,124.56,28.98,26.64
NJ,Hudson,34017,1980,17.63,146.52,34.09,31.34
NJ,Hudson,34017,1981,3.70,151.94,35.35,32.50
NJ,Hudson,34017,1982,5.68,160.58,37.36,34.35
NJ,Hudson,34017,1983,17.84,189.23,44.02,40.47
NJ,Hudson,34017,1984,15.53,218.62,50.86,46.76
NJ,Hudson,34017,1985,25.58,274.53,63.87,58.72
NJ,Hudson,34017,1986,26.58,347.50,80.84,74.33
NJ,Hudson,34017,1987,13.68,395.03,91.90,84.49
NJ,Hudson,34017,1988,11.38,439.99,102.36,94.11
NJ,Hudson,34017,1989,1.19,445.24,103.58,95.23
NJ,Hudson,34017,1990,-3.46,429.85,100.00,91.94
NJ,Hudson,34017,1991,-8.58,392.97,91.42,84.05
NJ,Hudson,34017,1992,-0.17,392.31,91.27,83.91
NJ,Hudson,34017,1993,-2.34,383.13,89.13,81.95
NJ,Hudson,34017,1994,-6.43,358.48,83.40,76.68
NJ,Hudson,34017,1995,-4.60,341.99,79.56,73.15
NJ,Hudson,34017,1996,4.02,355.72,82.76,76.09
NJ,Hudson,34017,1997,4.28,370.94,86.30,79.34
NJ,Hudson,34017,1998,6.66,395.65,92.04,84.62
NJ,Hudson,34017,1999,5.40,417.00,97.01,89.19
NJ,Hudson,34017,2000,12.12,467.53,108.77,100.00
NJ,Hudson,34017,2001,11.65,522.01,121.44,111.65
NJ,Hudson,34017,2002,12.69,588.28,136.86,125.83
NJ,Hudson,34017,2003,10.70,651.24,151.51,139.29
NJ,Hudson,34017,2004,16.55,759.05,176.59,162.35
NJ,Hudson,34017,2005,19.73,908.80,211.42,194.38
NJ,Hudson,34017,2006,14.53,1040.86,242.15,222.63
NJ,Hudson,34017,2007,1.42,1055.65,245.59,225.79
NJ,Hudson,34017,2008,-4.21,1011.23,235.25,216.29
NJ,Hudson,34017,2009,-14.73,862.24,200.59,184.42
NJ,Hudson,34017,2010,-6.50,806.20,187.56,172.44
NJ,Hudson,34017,2011,-3.90,774.73,180.23,165.70
NJ,Hudson,34017,2012,-5.10,735.23,171.04,157.26
NJ,Hudson,34017,2013,2.52,753.74,175.35,161.22
NJ,Hudson,34017,2014,5.00,791.43,184.12,169.28
NJ,Hudson,34017,2015,6.17,840.25,195.48,179.72
NJ,Hudson,34017,2016,8.80,914.17,212.67,195.53
NJ,Hudson,34017,2017,8.13,988.52,229.97,211.43
NJ,Hudson,34017,2018,9.18,1079.25,251.08,230.84
NJ,Hudson,34017,2019,5.09,1134.15,263.85,242.58
NJ,Hudson,34017,2020,3.88,1178.15,274.09,251.99
NJ,Hudson,34017,2021,6.97,1260.29,293.20,269.56
NJ,Hudson,34017,2022,11.75,1408.43,327.66,301.25
NJ,Hudson,34017,2023,6.66,1502.24,349.48,321.31
NJ,Hudson,34017,2024,5.57,1585.96,368.96,339.22
NJ,Hudson,34017,2025,9.56,1737.57,404.23,371.65
NJ,Hunterdon,34019,1977,,100.00,23.11,18.83
NJ,Hunterdon,34019,1978,35.07,135.07,31.22,25.44
NJ,Hunterdon,34019,1979,28.04,172.94,39.97,32.57
NJ,Hunterdon,34019,1980,15.18,199.20,46.04,37.52
NJ,Hunterdon,34019,1981,5.26,209.67,48.46,39.49
NJ,Hunterdon,34019,1982,2.04,213.95,49.45,40.29
NJ,Hunterdon,34019,1983,2.82,219.98,50.85,41.43
NJ,Hunterdon,34019,1984,15.43,253.93,58.69,47.82
NJ,Hunterdon,34019,1985,13.78,288.93,66.78,54.41
NJ,Hunterdon,34019,1986,21.44,350.87,81.10,66.08
NJ,Hunterdon,34019,1987,18.26,414.95,95.91,78.15
NJ,Hunterdon,34019,1988,11.95,464.53,107.37,87.49
NJ,Hunterdon,34019,1989,-2.87,451.21,104.29,84.98
NJ,Hunterdon,34019,1990,-4.12,432.64,100.00,81.48
NJ,Hunterdon,34019,1991,-6.29,405.41,93.71,76.35
NJ,Hunterdon,34019,1992,3.76,420.64,97.23,79.22
NJ,Hunterdon,34019,1993,2.45,430.94,99.61,81.16
NJ,Hunterdon,34019,1994,1.41,437.04,101.02,82.31
NJ,Hunterdon,34019,1995,-0.08,436.67,100.93,82.24
NJ,Hunterdon,34019,1996,0.63,439.44,101.57,82.76
NJ,Hunterdon,34019,1997,1.61,446.52,103.21,84.09
NJ,Hunterdon,34019,1998,2.80,459.02,106.10,86.45
NJ,Hunterdon,34019,1999,3.85,476.70,110.18,89.78
NJ,Hunterdon,34019,2000,11.39,530.97,122.73,100.00
NJ,Hunterdon,34019,2001,8.00,573.44,132.54,108.00
NJ,Hunterdon,34019,2002,8.92,624.57,144.36,117.63
NJ,Hunterdon,34019,2003,4.74,654.16,151.20,123.20
NJ,Hunterdon,34019,2004,12.16,733.73,169.59,138.19
NJ,Hunterdon,34019,2005,14.16,837.64,193.61,157.76
NJ,Hunterdon,34019,2006,6.37,891.01,205.95,167.81
NJ,Hunterdon,34019,2007,-1.63,876.45,202.58,165.06
NJ,Hunterdon,34019,2008,-5.20,830.89,192.05,156.48
NJ,Hunterdon,34019,2009,-7.65,767.30,177.35,144.51
NJ,Hunterdon,34019,2010,-4.14,735.55,170.01,138.53
NJ,Hunterdon,34019,2011,-3.48,709.94,164.10,133.71
NJ,Hunterdon,34019,2012,-3.70,683.68,158.02,128.76
NJ,Hunterdon,34019,2013,0.04,683.93,158.08,128.81
NJ,Hunterdon,34019,2014,2.36,700.05,161.81,131.84
NJ,Hunterdon,34019,2015,0.87,706.10,163.21,132.98
NJ,Hunterdon,34019,2016,1.79,718.74,166.13,135.36
NJ,Hunterdon,34019,2017,0.89,725.15,167.61,136.57
NJ,Hunterdon,34019,2018,1.60,736.76,170.29,138.76
NJ,Hunterdon,34019,2019,2.01,751.56,173.72,141.54
NJ,Hunterdon,34019,2020,2.07,767.09,177.30,144.47
NJ,Hunterdon,34019,2021,9.02,836.31,193.30,157.51
NJ,Hunterdon,34019,2022,12.00,936.69,216.51,176.41
NJ,Hunterdon,34019,2023,10.06,1030.91,238.28,194.16
NJ,Hunterdon,34019,2024,7.92,1112.55,257.15,209.53
NJ,Hunterdon,34019,2025,6.32,1182.87,273.41,222.77
NJ,Mercer,34021,1975,,100.00,23.21,20.99
NJ,Mercer,34021,1976,5.95,105.95,24.59,22.24
NJ,Mercer,34021,1977,14.96,121.80,28.27,25.56
NJ,Mercer,34021,1978,11.97,136.37,31.66,28.62
NJ,Mercer,34021,1979,20.04,163.70,38.00,34.36
NJ,Mercer,34021,1980,16.56,190.81,44.30,40.05
NJ,Mercer,34021,1981,3.69,197.86,45.93,41.52
NJ,Mercer,34021,1982,1.38,200.58,46.56,42.10
NJ,Mercer,34021,1983,6.48,213.58,49.58,44.83
NJ,Mercer,34021,1984,14.06,243.62,56.55,51.13
NJ,Mercer,34021,1985,14.07,277.89,64.51,58.32
NJ,Mercer,34021,1986,17.00,325.13,75.48,68.24
NJ,Mercer,34021,1987,23.56,401.72,93.26,84.31
NJ,Mercer,34021,1988,11.13,446.42,103.63,93.69
NJ,Mercer,34021,1989,-0.53,444.03,103.08,93.19
NJ,Mercer,34021,1990,-2.99,430.77,100.00,90.41
NJ,Mercer,34021,1991,-3.42,416.03,96.58,87.31
NJ,Mercer,34021,1992,-0.41,414.33,96.18,86.96
NJ,Mercer,34021,1993,-0.06,414.09,96.13,86.91
NJ,Mercer,34021,1994,-0.67,411.33,95.49,86.33
NJ,Mercer,34021,1995,-1.75,404.11,93.81,84.81
NJ,Mercer,34021,1996,1.66,410.82,95.37,86.22
NJ,Mercer,34021,1997,0.02,410.92,95.39,86.24
NJ,Mercer,34021,1998,2.15,419.77,97.45,88.10
NJ,Mercer,34021,1999,3.66,435.15,101.02,91.33
NJ,Mercer,34021,2000,9.50,476.48,110.61,100.00
NJ,Mercer,34021,2001,10.17,524.92,121.86,110.17
NJ,Mercer,34021,2002,11.18,583.63,135.49,122.49
NJ,Mercer,34021,2003,6.91,623.96,144.85,130.95
NJ,Mercer,34021,2004,13.61,708.88,164.56,148.77
NJ,Mercer,34021,2005,15.64,819.76,190.30,172.05
NJ,Mercer,34021,2006,7.74,883.19,205.03,185.36
NJ,Mercer,34021,2007,-1.26,872.03,202.44,183.01
NJ,Mercer,34021,2008,-4.53,832.51,193.26,174.72
NJ,Mercer,34021,2009,-8.23,764.02,177.36,160.35
NJ,Mercer,34021,2010,-2.67,743.62,172.63,156.06
NJ,Mercer,34021,2011,-4.41,710.82,165.01,149.18
NJ,Mercer,34021,2012,-4.48,678.97,157.62,142.50
NJ,Mercer,34021,2013,0.25,680.63,158.00,142.85
NJ,Mercer,34021,2014,1.10,688.13,159.75,144.42
NJ,Mercer,34021,2015,1.64,699.38,162.36,146.78
NJ,Mercer,34021,2016,1.83,712.15,165.32,149.46
NJ,Mercer,34021,2017,0.59,716.35,166.30,150.34
NJ,Mercer,34021,2018,2.53,734.46,170.50,154.14
NJ,Mercer,34021,2019,3.02,756.66,175.65,158.80
NJ,Mercer,34021,2020,3.33,781.88,181.51,164.09
NJ,Mercer,34021,2021,10.10,860.82,199.83,180.66
NJ,Mercer,34021,2022,16.50,1002.82,232.80,210.47
NJ,Mercer,34021,2023,12.91,1132.27,262.85,237.63
NJ,Mercer,34021,2024,9.43,1238.99,287.62,260.03
NJ,Mercer,34021,2025,5.72,1309.85,304.07,274.90
NJ,Middlesex,34023,1975,,100.00,30.15,25.61
NJ,Middlesex,34023,1976,-0.33,99.67,30.05,25.53
NJ,Middlesex,34023,1977,-1.29,98.38,29.67,25.20
NJ,Middlesex,34023,1978,8.73,106.97,32.26,27.40
NJ,Middlesex,34023,1979,19.09,127.39,38.41,32.63
NJ,Middlesex,34023,1980,15.09,146.62,44.21,37.55
NJ,Middlesex,34023,1981,3.31,151.47,45.67,38.79
NJ,Middlesex,34023,1982,5.97,160.52,48.40,41.11
NJ,Middlesex,34023,1983,4.70,168.06,50.68,43.04
NJ,Middlesex,34023,1984,11.09,186.69,56.29,47.81
NJ,Middlesex,34023,1985,16.34,217.20,65.49,55.63
NJ,Middlesex,34023,1986,22.98,267.11,80.54,68.41
NJ,Middlesex,34023,1987,20.46,321.76,97.02,82.41
NJ,Middlesex,34023,1988,9.24,351.49,105.99,90.02
NJ,Middlesex,34023,1989,-1.50,346.22,104.40,88.67
NJ,Middlesex,34023,1990,-4.21,331.64,100.00,84.94
NJ,Middlesex,34023,1991,-5.12,314.65,94.88,80.59
NJ,Middlesex,34023,1992,0.14,315.10,95.02,80.70
NJ,Middlesex,34023,1993,0.96,318.13,95.93,81.48
NJ,Middlesex,34023,1994,0.52,319.78,96.42,81.90
NJ,Middlesex,34023,1995,-0.29,318.86,96.15,81.67
NJ,Middlesex,34023,1996,1.54,323.79,97.63,82.93
NJ,Middlesex,34023,1997,1.21,327.70,98.81,83.93
NJ,Middlesex,34023,1998,2.89,337.18,101.67,86.36
NJ,Middlesex,34023,1999,4.10,351.02,105.84,89.90
NJ,Middlesex,34023,2000,11.23,390.45,117.73,100.00
NJ,Middlesex,34023,2001,11.21,434.21,130.93,111.21
NJ,Middlesex,34023,2002,11.38,483.63,145.83,123.86
NJ,Middlesex,34023,2003,8.27,523.62,157.89,134.11
NJ,Middlesex,34023,2004,14.94,601.85,181.48,154.14
NJ,Middlesex,34023,2005,16.66,702.12,211.71,179.82
NJ,Middlesex,34023,2006,8.63,762.73,229.99,195.35
NJ,Middlesex,34023,2007,-1.03,754.85,227.61,193.33
NJ,Middlesex,34023,2008,-4.86,718.16,216.55,183.93
NJ,Middlesex,34023,2009,-8.13,659.80,198.95,168.98
NJ,Middlesex,34023,2010,-3.12,639.22,192.75,163.71
NJ,Middlesex,34023,2011,-4.23,612.18,184.59,156.79
NJ,Middlesex,34023,2012,-4.02,587.57,177.17,150.49
NJ,Middlesex,34023,2013,0.95,593.14,178.85,151.91
NJ,Middlesex,34023,2014,3.64,614.74,185.36,157.44
NJ,Middlesex,34023,2015,3.11,633.86,191.13,162.34
NJ,Middlesex,34023,2016,2.20,647.82,195.34,165.92
NJ,Middlesex,34023,2017,2.53,664.20,200.28,170.11
NJ,Middlesex,34023,2018,3.59,688.04,207.47,176.22
NJ,Middlesex,34023,2019,4.12,716.38,216.01,183.47
NJ,Middlesex,34023,2020,2.87,736.93,222.21,188.74
NJ,Middlesex,34023,2021,10.12,811.54,244.71,207.85
NJ,Middlesex,34023,2022,13.21,918.77,277.04,235.31
NJ,Middlesex,34023,2023,11.01,1019.94,307.55,261.22
NJ,Middlesex,34023,2024,10.46,1126.61,339.71,288.54
NJ,Middlesex,34023,2025,6.10,1195.35,360.44,306.15
NJ,Monmouth,34025,1975,,100.00,25.45,19.96
NJ,Monmouth,34025,1976,5.43,105.43,26.83,21.04
NJ,Monmouth,34025,1977,10.57,116.57,29.67,23.27
NJ,Monmouth,34025,1978,8.40,126.36,32.16,25.22
NJ,Monmouth,34025,1979,16.78,147.57,37.55,29.46
NJ,Monmouth,34025,1980,14.38,168.78,42.95,33.69
NJ,Monmouth,34025,1981,3.99,175.51,44.66,35.03
NJ,Monmouth,34025,1982,4.58,183.55,46.71,36.64
NJ,Monmouth,34025,1983,4.65,192.08,48.88,38.34
NJ,Monmouth,34025,1984,12.97,217.00,55.22,43.31
NJ,Monmouth,34025,1985,17.70,255.40,64.99,50.98
NJ,Monmouth,34025,1986,23.63,315.75,80.35,63.03
NJ,Monmouth,34025,1987,22.81,387.79,98.68,77.40
NJ,Monmouth,34025,1988,10.15,427.14,108.69,85.26
NJ,Monmouth,34025,1989,-2.83,415.06,105.62,82.85
NJ,Monmouth,34025,1990,-5.32,392.97,100.00,78.44
NJ,Monmouth,34025,1991,-5.90,369.79,94.10,73.81
NJ,Monmouth,34025,1992,0.17,370.42,94.26,73.94
NJ,Monmouth,34025,1993,2.00,377.84,96.15,75.42
NJ,Monmouth,34025,1994,0.26,378.84,96.40,75.62
NJ,Monmouth,34025,1995,1.30,383.77,97.66,76.60
NJ,Monmouth,34025,1996,2.36,392.83,99.96,78.41
NJ,Monmouth,34025,1997,3.04,404.77,103.00,80.79
NJ,Monmouth,34025,1998,3.93,420.70,107.06,83.97
NJ,Monmouth,34025,1999,5.49,443.80,112.94,88.59
NJ,Monmouth,34025,2000,12.89,500.99,127.49,100.00
NJ,Monmouth,34025,2001,11.50,558.58,142.14,111.50
NJ,Monmouth,34025,2002,12.37,627.70,159.73,125.29
NJ,Monmouth,34025,2003,8.26,679.54,172.93,135.64
NJ,Monmouth,34025,2004,14.86,780.50,198.61,155.79
NJ,Monmouth,34025,2005,16.56,909.78,231.51,181.60
NJ,Monmouth,34025,2006,7.61,979.04,249.14,195.42
NJ,Monmouth,34025,2007,-1.47,964.61,245.47,192.54
NJ,Monmouth,34025,2008,-4.36,922.52,234.76,184.14
NJ,Monmouth,34025,2009,-7.61,852.32,216.89,170.13
NJ,Monmouth,34025,2010,-4.20,816.52,207.78,162.98
NJ,Monmouth,34025,2011,-3.88,784.84,199.72,156.66
NJ,Monmouth,34025,2012,-2.94,761.77,193.85,152.05
NJ,Monmouth,34025,2013,1.38,772.25,196.52,154.15
NJ,Monmouth,34025,2014,4.28,805.27,204.92,160.74
NJ,Monmouth,34025,2015,2.52,825.58,210.09,164.79
NJ,Monmouth,34025,2016,2.87,849.30,216.12,169.52
NJ,Monmouth,34025,2017,3.25,876.94,223.16,175.04
NJ,Monmouth,34025,2018,4.43,915.77,233.04,182.79
NJ,Monmouth,34025,2019,3.56,948.40,241.34,189.31
NJ,Monmouth,34025,2020,2.99,976.81,248.57,194.98
NJ,Monmouth,34025,2021,11.69,1090.99,277.63,217.77
NJ,Monmouth,34025,2022,14.94,1253.98,319.10,250.30
NJ,Monmouth,34025,2023,11.16,1393.91,354.71,278.23
NJ,Monmouth,34025,2024,8.32,1509.92,384.23,301.39
NJ,Monmouth,34025,2025,6.21,1603.64,408.08,320.09
NJ,Morris,34027,1975,,100.00,22.58,16.96
NJ,Morris,34027,1976,8.52,108.52,24.50,18.41
NJ,Morris,34027,1977,8.35,117.58,26.55,19.94
NJ,Morris,34027,1978,20.46,141.64,31.98,24.02
NJ,Morris,34027,1979,18.96,168.49,38.04,28.58
NJ,Morris,34027,1980,14.43,192.80,43.53,32.70
NJ,Morris,34027,1981,8.74,209.64,47.33,35.56
NJ,Morris,34027,1982,2.13,214.10,48.34,36.32
NJ,Morris,34027,1983,7.31,229.75,51.87,38.97
NJ,Morris,34027,1984,16.31,267.22,60.33,45.33
NJ,Morris,34027,1985,16.47,311.24,70.27,52.79
NJ,Morris,34027,1986,19.80,372.87,84.19,63.25
NJ,Morris,34027,1987,19.01,443.74,100.19,75.27
NJ,Morris,34027,1988,9.25,484.78,109.45,82.23
NJ,Morris,34027,1989,-3.76,466.56,105.34,79.14
NJ,Morris,34027,1990,-5.07,442.92,100.00,75.13
NJ,Morris,34027,1991,-3.62,426.88,96.38,72.41
NJ,Morris,34027,1992,2.11,435.90,98.42,73.94
NJ,Morris,34027,1993,2.03,444.73,100.41,75.43
NJ,Morris,34027,1994,1.99,453.58,102.41,76.94
NJ,Morris,34027,1995,1.59,460.79,104.03,78.16
NJ,Morris,34027,1996,1.39,467.19,105.48,79.25
NJ,Morris,34027,1997,2.56,479.15,108.18,81.27
NJ,Morris,34027,1998,3.95,498.06,112.45,84.48
NJ,Morris,34027,1999,4.98,522.87,118.05,88.69
NJ,Morris,34027,2000,12.75,589.55,133.11,100.00
NJ,Morris,34027,2001,7.87,635.96,143.58,107.87
NJ,Morris,34027,2002,9.98,699.44,157.92,118.64
NJ,Morris,34027,2003,6.94,748.01,168.88,126.88
NJ,Morris,34027,2004,12.76,843.45,190.43,143.07
NJ,Morris,34027,2005,15.91,977.66,220.73,165.83
NJ,Morris,34027,2006,7.05,1046.58,236.29,177.52
NJ,Morris,34027,2007,-1.17,1034.35,233.53,175.45
NJ,Morris,34027,2008,-4.36,989.22,223.34,167.79
NJ,Morris,34027,2009,-7.64,913.61,206.27,154.97
NJ,Morris,34027,2010,-3.43,882.29,199.20,149.65
NJ,Morris,34027,2011,-3.89,848.01,191.46,143.84
NJ,Morris,34027,2012,-2.56,826.33,186.56,140.16
NJ,Morris,34027,2013,0.56,830.96,187.61,140.95
NJ,Morris,34027,2014,2.86,854.75,192.98,144.98
NJ,Morris,34027,2015,2.06,872.34,196.95,147.97
NJ,Morris,34027,2016,1.61,886.36,200.12,150.34
NJ,Morris,34027,2017,1.44,899.13,203.00,152.51
NJ,Morris,34027,2018,3.11,927.08,209.31,157.25
NJ,Morris,34027,2019,1.79,943.72,213.07,160.07
NJ,Morris,34027,2020,1.77,960.41,216.84,162.90
NJ,Morris,34027,2021,8.18,1038.97,234.57,176.23
NJ,Morris,34027,2022,12.30,1166.78,263.43,197.91
NJ,Morris,34027,2023,10.05,1284.07,289.91,217.80
NJ,Morris,34027,2024,8.03,1387.12,313.18,235.28
NJ,Morris,34027,2025,5.88,1468.71,331.60,249.12
NJ,Ocean,34029,1975,,100.00,28.08,23.94
NJ,Ocean,34029,1976,-1.47,98.53,27.67,23.59
NJ,Ocean,34029,1977,7.72,106.13,29.81,25.41
NJ,Ocean,34029,1978,7.09,113.66,31.92,27.21
NJ,Ocean,34029,1979,14.32,129.93,36.49,31.11
NJ,Ocean,34029,1980,14.35,148.57,41.73,35.57
NJ,Ocean,34029,1981,6.31,157.95,44.36,37.82
NJ,Ocean,34029,1982,6.04,167.49,47.04,40.10
NJ,Ocean,34029,1983,2.93,172.39,48.41,41.27
NJ,Ocean,34029,1984,11.32,191.90,53.89,45.94
NJ,Ocean,34029,1985,14.08,218.93,61.48,52.42
NJ,Ocean,34029,1986,24.41,272.36,76.49,65.21
NJ,Ocean,34029,1987,25.26,341.16,95.81,81.68
NJ,Ocean,34029,1988,11.30,379.70,106.64,90.91
NJ,Ocean,34029,1989,-1.27,374.87,105.28,89.75
NJ,Ocean,34029,1990,-5.01,356.08,100.00,85.25
NJ,Ocean,34029,1991,-6.37,333.39,93.63,79.82
NJ,Ocean,34029,1992,-0.25,332.56,93.40,79.62
NJ,Ocean,34029,1993,-0.27,331.65,93.14,79.40
NJ,Ocean,34029,1994,-0.66,329.46,92.52,78.88
NJ,Ocean,34029,1995,-0.51,327.77,92.05,78.47
NJ,Ocean,34029,1996,2.34,335.44,94.20,80.31
NJ,Ocean,34029,1997,1.54,340.61,95.66,81.55
NJ,Ocean,34029,1998,4.79,356.91,100.23,85.45
NJ,Ocean,34029,1999,4.63,373.44,104.88,89.41
NJ,Ocean,34029,2000,11.84,417.67,117.30,100.00
NJ,Ocean,34029,2001,12.08,468.12,131.47,112.08
NJ,Ocean,34029,2002,15.24,539.48,151.51,129.16
NJ,Ocean,34029,2003,12.29,605.78,170.12,145.04
NJ,Ocean,34029,2004,17.70,713.01,200.24,170.71
NJ,Ocean,34029,2005,17.45,837.43,235.18,200.50
NJ,Ocean,34029,2006,8.60,909.48,255.42,217.75
NJ,Ocean,34029,2007,-1.74,893.66,250.97,213.96
NJ,Ocean,34029,2008,-5.60,843.58,236.91,201.97
NJ,Ocean,34029,2009,-7.97,776.34,218.02,185.87
NJ,Ocean,34029,2010,-5.02,737.33,207.07,176.53
NJ,Ocean,34029,2011,-4.76,702.20,197.20,168.12
NJ,Ocean,34029,2012,-4.49,670.70,188.36,160.58
NJ,Ocean,34029,2013,0.86,676.44,189.97,161.95
NJ,Ocean,34029,2014,3.86,702.57,197.31,168.21
NJ,Ocean,34029,2015,2.42,719.59,202.09,172.28
NJ,Ocean,34029,2016,3.47,744.53,209.09,178.26
NJ,Ocean,34029,2017,2.81,765.46,214.97,183.27
NJ,Ocean,34029,2018,3.66,793.48,222.84,189.98
NJ,Ocean,34029,2019,3.19,818.79,229.95,196.03
NJ,Ocean,34029,2020,4.46,855.33,240.21,204.78
NJ,Ocean,34029,2021,14.94,983.09,276.09,235.37
NJ,Ocean,34029,2022,19.43,1174.09,329.73,281.10
NJ,Ocean,34029,2023,10.42,1296.40,364.08,310.39
NJ,Ocean,34029,2024,7.96,1399.58,393.06,335.09
NJ,Ocean,34029,2025,5.95,1482.83,416.43,355.02
NJ,Passaic,34031,1975,,100.00,24.06,20.00
NJ,Passaic,34031,1976,3.96,103.96,25.02,20.80
NJ,Passaic,34031,1977,5.99,110.19,26.52,22.04
NJ,Passaic,34031,1978,16.83,128.73,30.98,25.75
NJ,Passaic,34031,1979,21.45,156.34,37.62,31.28
NJ,Passaic,34031,1980,12.50,175.88,42.32,35.18
NJ,Passaic,34031,1981,4.57,183.92,44.26,36.79
NJ,Passaic,34031,1982,3.67,190.66,45.88,38.14
NJ,Passaic,34031,1983,8.52,206.90,49.79,41.39
NJ,Passaic,34031,1984,14.61,237.14,57.07,47.44
NJ,Passaic,34031,1985,18.60,281.25,67.68,56.26
NJ,Passaic,34031,1986,21.97,343.03,82.55,68.62
NJ,Passaic,34031,1987,18.31,405.86,97.67,81.19
NJ,Passaic,34031,1988,8.78,441.49,106.24,88.32
NJ,Passaic,34031,1989,-0.88,437.61,105.31,87.54
NJ,Passaic,34031,1990,-5.04,415.55,100.00,83.13
NJ,Passaic,34031,1991,-4.45,397.05,95.55,79.43
NJ,Passaic,34031,1992,0.11,397.48,95.65,79.51
NJ,Passaic,34031,1993,0.53,399.58,96.16,79.93
NJ,Passaic,34031,1994,-0.47,397.70,95.70,79.56
NJ,Passaic,34031,1995,1.37,403.14,97.01,80.65
NJ,Passaic,34031,1996,1.10,407.58,98.08,81.53
NJ,Passaic,34031,1997,1.96,415.57,100.01,83.13
NJ,Passaic,34031,1998,3.44,429.87,103.44,85.99
NJ,Passaic,34031,1999,5.00,451.35,108.61,90.29
NJ,Passaic,34031,2000,10.75,499.89,120.29,100.00
NJ,Passaic,34031,2001,9.74,548.56,132.01,109.74
NJ,Passaic,34031,2002,10.39,605.54,145.72,121.14
NJ,Passaic,34031,2003,8.88,659.33,158.66,131.90
NJ,Passaic,34031,2004,14.66,756.01,181.93,151.24
NJ,Passaic,34031,2005,14.29,864.01,207.92,172.84
NJ,Passaic,34031,2006,8.46,937.13,225.52,187.47
NJ,Passaic,34031,2007,-0.49,932.52,224.41,186.55
NJ,Passaic,34031,2008,-5.39,882.24,212.31,176.49
NJ,Passaic,34031,2009,-8.91,803.66,193.40,160.77
NJ,Passaic,34031,2010,-4.02,771.36,185.62,154.31
NJ,Passaic,34031,2011,-5.58,728.32,175.27,145.70
NJ,Passaic,34031,2012,-4.32,696.88,167.70,139.41
NJ,Passaic,34031,2013,-0.54,693.15,166.80,138.66
NJ,Passaic,34031,2014,2.55,710.81,171.05,142.19
NJ,Passaic,34031,2015,1.69,722.81,173.94,144.59
NJ,Passaic,34031,2016,2.83,743.30,178.87,148.69
NJ,Passaic,34031,2017,2.59,762.57,183.51,152.55
NJ,Passaic,34031,2018,4.06,793.56,190.97,158.75
NJ,Passaic,34031,2019,4.07,825.84,198.73,165.21
NJ,Passaic,34031,2020,3.76,856.90,206.21,171.42
NJ,Passaic,34031,2021,10.05,943.01,226.93,188.64
NJ,Passaic,34031,2022,13.09,1066.49,256.64,213.35
NJ,Passaic,34031,2023,8.67,1158.97,278.90,231.85
NJ,Passaic,34031,2024,9.45,1268.44,305.24,253.75
NJ,Passaic,34031,2025,6.76,1354.16,325.87,270.89
NJ,Salem,34033,1978,,100.00,36.84,33.10
NJ,Salem,34033,1979,13.77,113.77,41.91,37.66
NJ,Salem,34033,1980,2.13,116.19,42.80,38.46
NJ,Salem,34033,1981,,,,
NJ,Salem,34033,1982,,,,
NJ,Salem,34033,1983,,146.45,53.95,48.48
NJ,Salem,34033,1984,5.63,154.69,56.99,51.21
NJ,Salem,34033,1985,5.87,163.78,60.33,54.22
NJ,Salem,34033,1986,10.70,181.30,66.79,60.02
NJ,Salem,34033,1987,11.37,201.91,74.38,66.84
NJ,Salem,34033,1988,13.51,229.19,84.43,75.87
NJ,Salem,34033,1989,12.56,257.99,95.04,85.40
NJ,Salem,34033,1990,5.22,271.45,100.00,89.86
NJ,Salem,34033,1991,-0.78,269.35,99.22,89.16
NJ,Salem,34033,1992,3.87,279.78,103.07,92.62
NJ,Salem,34033,1993,1.04,282.69,104.14,93.58
NJ,Salem,34033,1994,-1.80,277.61,102.27,91.90
NJ,Salem,34033,1995,0.69,279.52,102.97,92.53
NJ,Salem,34033,1996,0.86,281.92,103.86,93.32
NJ,Salem,34033,1997,1.27,285.52,105.18,94.51
NJ,Salem,34033,1998,3.78,296.32,109.16,98.09
NJ,Salem,34033,1999,0.43,297.59,109.63,98.51
NJ,Salem,34033,2000,1.51,302.09,111.29,100.00
NJ,Salem,34033,2001,5.52,318.76,117.43,105.52
NJ,Salem,34033,2002,5.66,336.80,124.07,111.49
NJ,Salem,34033,2003,5.67,355.88,131.10,117.81
NJ,Salem,34033,2004,12.55,400.53,147.55,132.58
NJ,Salem,34033,2005,15.44,462.37,170.33,153.06
NJ,Salem,34033,2006,10.41,510.53,188.07,169.00
NJ,Salem,34033,2007,4.93,535.69,197.34,177.33
NJ,Salem,34033,2008,-2.92,520.06,191.59,172.15
NJ,Salem,34033,2009,-7.65,480.29,176.93,158.99
NJ,Salem,34033,2010,-6.18,450.59,165.99,149.16
NJ,Salem,34033,2011,-4.09,432.16,159.20,143.06
NJ,Salem,34033,2012,-4.71,411.79,151.70,136.31
NJ,Salem,34033,2013,0.14,412.37,151.91,136.51
NJ,Salem,34033,2014,-1.68,405.46,149.37,134.22
NJ,Salem,34033,2015,3.52,419.74,154.63,138.95
NJ,Salem,34033,2016,-1.06,415.31,153.00,137.48
NJ,Salem,34033,2017,0.68,418.14,154.04,138.41
NJ,Salem,34033,2018,-1.88,410.27,151.14,135.81
NJ,Salem,34033,2019,4.24,427.69,157.56,141.58
NJ,Salem,34033,2020,3.83,444.08,163.59,147.00
NJ,Salem,34033,2021,13.74,505.10,186.07,167.20
NJ,Salem,34033,2022,17.82,595.10,219.23,197.00
NJ,Salem,34033,2023,12.69,670.64,247.06,222.00
NJ,Salem,34033,2024,7.11,718.30,264.61,237.78
NJ,Salem,34033,2025,4.59,751.24,276.75,248.68
NJ,Somerset,34035,1975,,100.00,26.06,20.74
NJ,Somerset,34035,1976,2.59,102.59,26.73,21.28
NJ,Somerset,34035,1977,6.26,109.01,28.41,22.61
NJ,Somerset,34035,1978,13.98,124.24,32.38,25.77
NJ,Somerset,34035,1979,23.64,153.62,40.03,31.87
NJ,Somerset,34035,1980,14.45,175.82,45.82,36.47
NJ,Somerset,34035,1981,4.29,183.36,47.78,38.04
NJ,Somerset,34035,1982,2.08,187.17,48.78,38.83
NJ,Somerset,34035,1983,6.57,199.47,51.98,41.38
NJ,Somerset,34035,1984,14.00,227.39,59.26,47.17
NJ,Somerset,34035,1985,16.33,264.52,68.93,54.87
NJ,Somerset,34035,1986,20.94,319.91,83.37,66.36
NJ,Somerset,34035,1987,19.85,383.40,99.91,79.53
NJ,Somerset,34035,1988,8.74,416.90,108.64,86.48
NJ,Somerset,34035,1989,-3.00,404.39,105.38,83.89
NJ,Somerset,34035,1990,-5.11,383.73,100.00,79.60
NJ,Somerset,34035,1991,-4.06,368.14,95.94,76.37
NJ,Somerset,34035,1992,2.11,375.91,97.96,77.98
NJ,Somerset,34035,1993,1.64,382.08,99.57,79.26
NJ,Somerset,34035,1994,1.42,387.50,100.98,80.38
NJ,Somerset,34035,1995,-0.64,385.00,100.33,79.87
NJ,Somerset,34035,1996,1.14,389.41,101.48,80.78
NJ,Somerset,34035,1997,0.93,393.01,102.42,81.53
NJ,Somerset,34035,1998,3.23,405.70,105.72,84.16
NJ,Somerset,34035,1999,4.65,424.55,110.64,88.07
NJ,Somerset,34035,2000,13.55,482.06,125.62,100.00
NJ,Somerset,34035,2001,9.11,525.97,137.07,109.11
NJ,Somerset,34035,2002,10.01,578.63,150.79,120.03
NJ,Somerset,34035,2003,5.88,612.66,159.66,127.09
NJ,Somerset,34035,2004,12.51,689.31,179.63,142.99
NJ,Somerset,34035,2005,16.46,802.80,209.21,166.54
NJ,Somerset,34035,2006,7.21,860.68,224.29,178.54
NJ,Somerset,34035,2007,-2.15,842.19,219.47,174.71
NJ,Somerset,34035,2008,-4.42,804.96,209.77,166.98
NJ,Somerset,34035,2009,-7.41,745.28,194.22,154.60
NJ,Somerset,34035,2010,-2.69,725.25,189.00,150.45
NJ,Somerset,34035,2011,-2.98,703.67,183.37,145.97
NJ,Somerset,34035,2012,-2.11,688.79,179.50,142.89
NJ,Somerset,34035,2013,0.32,690.97,180.06,143.34
NJ,Somerset,34035,2014,2.78,710.19,185.07,147.32
NJ,Somerset,34035,2015,1.93,723.91,188.65,150.17
NJ,Somerset,34035,2016,2.26,740.26,192.91,153.56
NJ,Somerset,34035,2017,1.13,748.64,195.09,155.30
NJ,Somerset,34035,2018,2.95,770.72,200.85,159.88
NJ,Somerset,34035,2019,1.65,783.43,204.16,162.52
NJ,Somerset,34035,2020,1.89,798.24,208.02,165.59
NJ,Somerset,34035,2021,8.15,863.30,224.97,179.08
NJ,Somerset,34035,2022,13.42,979.18,255.17,203.12
NJ,Somerset,34035,2023,9.33,1070.57,278.99,222.08
NJ,Somerset,34035,2024,9.72,1174.67,306.12,243.68
NJ,Somerset,34035,2025,6.30,1248.69,325.41,259.03
NJ,Sussex,34037,1975,,100.00,24.81,21.74
NJ,Sussex,34037,1976,8.08,108.08,26.81,23.49
NJ,Sussex,34037,1977,3.62,112.00,27.79,24.35
NJ,Sussex,34037,1978,18.23,132.41,32.85,28.78
NJ,Sussex,34037,1979,22.75,162.53,40.32,35.33
NJ,Sussex,34037,1980,17.18,190.45,47.25,41.40
NJ,Sussex,34037,1981,3.69,197.48,48.99,42.93
NJ,Sussex,34037,1982,-1.42,194.67,48.29,42.32
NJ,Sussex,34037,1983,10.20,214.54,53.22,46.63
NJ,Sussex,34037,1984,9.14,234.14,58.09,50.90
NJ,Sussex,34037,1985,18.69,277.90,68.94,60.41
NJ,Sussex,34037,1986,21.22,336.86,83.57,73.22
NJ,Sussex,34037,1987,18.07,397.73,98.67,86.45
NJ,Sussex,34037,1988,9.18,434.25,107.73,94.39
NJ,Sussex,34037,1989,-1.67,426.99,105.93,92.81
NJ,Sussex,34037,1990,-5.60,403.09,100.00,87.62
NJ,Sussex,34037,1991,-6.74,375.93,93.26,81.72
NJ,Sussex,34037,1992,1.82,382.76,94.96,83.20
NJ,Sussex,34037,1993,0.46,384.54,95.40,83.59
NJ,Sussex,34037,1994,0.71,387.28,96.08,84.18
NJ,Sussex,34037,1995,-0.70,384.59,95.41,83.60
NJ,Sussex,34037,1996,2.30,393.45,97.61,85.52
NJ,Sussex,34037,1997,1.13,397.88,98.71,86.49
NJ,Sussex,34037,1998,4.00,413.78,102.65,89.94
NJ,Sussex,34037,1999,2.49,424.06,105.20,92.18
NJ,Sussex,34037,2000,8.49,460.05,114.13,100.00
NJ,Sussex,34037,2001,9.24,502.55,124.67,109.24
NJ,Sussex,34037,2002,10.51,555.37,137.78,120.72
NJ,Sussex,34037,2003,9.08,605.79,150.29,131.68
NJ,Sussex,34037,2004,14.57,694.07,172.19,150.87
NJ,Sussex,34037,2005,14.53,794.92,197.21,172.79
NJ,Sussex,34037,2006,7.46,854.24,211.92,185.68
NJ,Sussex,34037,2007,0.58,859.19,213.15,186.76
NJ,Sussex,34037,2008,-5.87,808.73,200.63,175.79
NJ,Sussex,34037,2009,-10.04,727.54,180.49,158.14
NJ,Sussex,34037,2010,-5.30,689.00,170.93,149.77
NJ,Sussex,34037,2011,-5.51,651.01,161.50,141.51
NJ,Sussex,34037,2012,-6.12,611.18,151.62,132.85
NJ,Sussex,34037,2013,-1.15,604.15,149.88,131.32
NJ,Sussex,34037,2014,0.95,609.89,151.30,132.57
NJ,Sussex,34037,2015,0.85,615.06,152.59,133.69
NJ,Sussex,34037,2016,-0.29,613.27,152.14,133.31
NJ,Sussex,34037,2017,2.12,626.27,155.37,136.13
NJ,Sussex,34037,2018,4.16,652.30,161.83,141.79
NJ,Sussex,34037,2019,4.15,679.36,168.54,147.67
NJ,Sussex,34037,2020,4.53,710.15,176.18,154.36
NJ,Sussex,34037,2021,13.43,805.52,199.84,175.10
NJ,Sussex,34037,2022,13.56,914.73,226.93,198.83
NJ,Sussex,34037,2023,11.81,1022.77,253.73,222.32
NJ,Sussex,34037,2024,8.44,1109.11,275.15,241.09
NJ,Sussex,34037,2025,6.57,1181.94,293.22,256.92
NJ,Union,34039,1975,,100.00,24.63,19.68
NJ,Union,34039,1976,4.06,104.06,25.63,20.48
NJ,Union,34039,1977,8.81,113.23,27.89,22.29
NJ,Union,34039,1978,9.53,124.02,30.54,24.41
NJ,Union,34039,1979,22.38,151.77,37.38,29.88
NJ,Union,34039,1980,10.90,168.31,41.45,33.13
NJ,Union,34039,1981,6.38,179.05,44.10,35.24
NJ,Union,34039,1982,2.36,183.28,45.14,36.08
NJ,Union,34039,1983,7.20,196.47,48.39,38.67
NJ,Union,34039,1984,17.73,231.30,56.97,45.53
NJ,Union,34039,1985,17.46,271.68,66.91,53.48
NJ,Union,34039,1986,21.26,329.44,81.14,64.85
NJ,Union,34039,1987,19.55,393.84,97.00,77.52
NJ,Union,34039,1988,9.52,431.33,106.23,84.90
NJ,Union,34039,1989,-2.04,422.54,104.07,83.17
NJ,Union,34039,1990,-3.91,406.03,100.00,79.92
NJ,Union,34039,1991,-4.11,389.35,95.89,76.64
NJ,Union,34039,1992,0.70,392.06,96.56,77.17
NJ,Union,34039,1993,1.34,397.30,97.85,78.20
NJ,Union,34039,1994,0.87,400.75,98.70,78.88
NJ,Union,34039,1995,-0.64,398.18,98.07,78.38
NJ,Union,34039,1996,1.54,404.32,99.58,79.59
NJ,Union,34039,1997,2.02,412.50,101.59,81.20
NJ,Union,34039,1998,4.93,432.83,106.60,85.20
NJ,Union,34039,1999,5.63,457.20,112.60,89.99
NJ,Union,34039,2000,11.12,508.03,125.12,100.00
NJ,Union,34039,2001,10.39,560.79,138.11,110.39
NJ,Union,34039,2002,10.97,622.31,153.27,122.50
NJ,Union,34039,2003,7.37,668.18,164.56,131.53
NJ,Union,34039,2004,14.68,766.29,188.73,150.84
NJ,Union,34039,2005,16.40,891.98,219.68,175.58
NJ,Union,34039,2006,9.45,976.29,240.45,192.17
NJ,Union,34039,2007,0.42,980.39,241.46,192.98
NJ,Union,34039,2008,-5.24,929.04,228.81,182.87
NJ,Union,34039,2009,-9.24,843.20,207.67,165.98
NJ,Union,34039,2010,-2.60,821.28,202.27,161.66
NJ,Union,34039,2011,-3.01,796.57,196.18,156.80
NJ,Union,34039,2012,-2.86,773.82,190.58,152.32
NJ,Union,34039,2013,0.40,776.90,191.34,152.92
NJ,Union,34039,2014,2.80,798.64,196.69,157.20
NJ,Union,34039,2015,3.53,826.81,203.63,162.75
NJ,Union,34039,2016,2.69,849.08,209.12,167.13
NJ,Union,34039,2017,2.18,867.58,213.67,170.77
NJ,Union,34039,2018,3.53,898.21,221.22,176.80
NJ,Union,34039,2019,4.00,934.15,230.07,183.88
NJ,Union,34039,2020,3.06,962.71,237.10,189.50
NJ,Union,34039,2021,9.86,1057.66,260.49,208.19
NJ,Union,34039,2022,13.41,1199.49,295.42,236.11
NJ,Union,34039,2023,10.05,1319.97,325.09,259.82
NJ,Union,34039,2024,9.08,1439.87,354.62,283.42
NJ,Union,34039,2025,5.47,1518.66,374.02,298.93
NJ,Warren,34041,1976,,100.00,26.50,23.39
NJ,Warren,34041,1977,1.45,101.45,26.88,23.73
NJ,Warren,34041,1978,24.29,126.09,33.41,29.49
NJ,Warren,34041,1979,20.01,151.32,40.10,35.39
NJ,Warren,34041,1980,24.50,188.39,49.92,44.06
NJ,Warren,34041,1981,2.40,192.91,51.12,45.12
NJ,Warren,34041,1982,-0.16,192.61,51.04,45.05
NJ,Warren,34041,1983,0.24,193.07,51.16,45.16
NJ,Warren,34041,1984,11.98,216.20,57.29,50.57
NJ,Warren,34041,1985,18.02,255.16,67.61,59.68
NJ,Warren,34041,1986,19.19,304.12,80.59,71.13
NJ,Warren,34041,1987,24.37,378.25,100.23,88.47
NJ,Warren,34041,1988,8.88,411.82,109.12,96.32
NJ,Warren,34041,1989,-2.88,399.96,105.98,93.55
NJ,Warren,34041,1990,-5.64,377.39,100.00,88.27
NJ,Warren,34041,1991,-5.83,355.39,94.17,83.12
NJ,Warren,34041,1992,1.24,359.79,95.34,84.15
NJ,Warren,34041,1993,0.54,361.73,95.85,84.61
NJ,Warren,34041,1994,2.03,369.08,97.80,86.33
NJ,Warren,34041,1995,-0.86,365.92,96.96,85.59
NJ,Warren,34041,1996,1.87,372.75,98.77,87.18
NJ,Warren,34041,1997,0.77,375.64,99.54,87.86
NJ,Warren,34041,1998,1.47,381.17,101.00,89.15
NJ,Warren,34041,1999,3.88,395.95,104.92,92.61
NJ,Warren,34041,2000,7.98,427.54,113.29,100.00
NJ,Warren,34041,2001,8.62,464.41,123.06,108.62
NJ,Warren,34041,2002,9.60,508.97,134.87,119.05
NJ,Warren,34041,2003,7.39,546.59,144.83,127.85
NJ,Warren,34041,2004,12.88,616.97,163.48,144.31
NJ,Warren,34041,2005,13.55,700.59,185.64,163.87
NJ,Warren,34041,2006,8.75,761.92,201.89,178.21
NJ,Warren,34041,2007,-2.13,745.66,197.58,174.41
NJ,Warren,34041,2008,-5.30,706.16,187.12,165.17
NJ,Warren,34041,2009,-9.31,640.40,169.69,149.79
NJ,Warren,34041,2010,-6.27,600.26,159.06,140.40
NJ,Warren,34041,2011,-6.06,563.92,149.43,131.90
NJ,Warren,34041,2012,-7.51,521.58,138.21,122.00
NJ,Warren,34041,2013,0.44,523.86,138.81,122.53
NJ,Warren,34041,2014,2.54,537.19,142.34,125.65
NJ,Warren,34041,2015,2.28,549.45,145.59,128.51
NJ,Warren,34041,2016,-0.41,547.19,144.99,127.98
NJ,Warren,34041,2017,1.52,555.50,147.20,129.93
NJ,Warren,34041,2018,2.81,571.09,151.33,133.58
NJ,Warren,34041,2019,2.62,586.04,155.29,137.07
NJ,Warren,34041,2020,5.26,616.88,163.46,144.29
NJ,Warren,34041,2021,14.42,705.81,187.02,165.09
NJ,Warren,34041,2022,13.72,802.62,212.68,187.73
NJ,Warren,34041,2023,10.56,887.40,235.14,207.56
NJ,Warren,34041,2024,9.53,971.94,257.54,227.33
NJ,Warren,34041,2025,6.81,1038.17,275.09,242.82
