county_fips,county,year,total_occupied_units,owner_occupied_total,renter_occupied_total,owner_rate,renter_rate,fmr_0br,fmr_1br,fmr_2br,fmr_3br,fmr_4br,annual_change_pct,hpi
34001,Atlantic,2005,101584,68970,32614,0.6789455032288549,0.321054496771145,669,702,845,1101,1173,20.81,771.58
34003,Bergen,2005,332223,225175,107048,0.6777826941542278,0.3222173058457723,906,990,1132,1428,1729,16.34,952.01
34005,Burlington,2005,164046,129201,34845,0.7875900662009436,0.2124099337990563,663,761,914,1095,1328,16.17,691.44
34007,Camden,2005,190659,130576,60083,0.6848666991854567,0.3151333008145432,663,761,914,1095,1328,16.04,545.32
34009,Cape May,2005,43616,34101,9515,0.7818461115187088,0.2181538884812912,669,702,845,1101,1173,21.99,951.1
34011,Cumberland,2005,49914,34344,15570,0.6880634691669671,0.3119365308330328,644,646,814,989,1042,18.35,536.04
34013,Essex,2005,283841,132585,151256,0.4671101074192946,0.5328898925807054,735,891,1020,1242,1403,17.2,942.08
34015,Gloucester,2005,98334,80615,17719,0.8198080013016861,0.1801919986983139,663,761,914,1095,1328,15.72,608.31
34017,Hudson,2005,229240,75231,154009,0.3281757110451928,0.6718242889548072,892,943,1100,1333,1435,19.73,908.8
34019,Hunterdon,2005,46141,40419,5722,0.875988816887367,0.124011183112633,992,1029,1210,1518,1791,14.16,837.64
34021,Mercer,2005,127125,88365,38760,0.6951032448377581,0.3048967551622419,706,813,977,1168,1310,15.64,819.76
34023,Middlesex,2005,267854,181911,85943,0.6791423686037916,0.3208576313962084,992,1029,1210,1518,1791,16.66,702.12
34025,Monmouth,2005,230896,176093,54803,0.7626507172060148,0.2373492827939851,749,866,1057,1377,1495,16.56,909.78
34027,Morris,2005,172614,132422,40192,0.7671567775499091,0.2328432224500909,735,891,1020,1242,1403,15.91,977.66
34029,Ocean,2005,221085,181891,39194,0.822719768414863,0.1772802315851369,749,866,1057,1377,1495,17.45,837.43
34031,Passaic,2005,163567,92153,71414,0.5633960395434287,0.4366039604565713,906,990,1132,1428,1729,14.29,864.01
34033,Salem,2005,24741,18979,5762,0.767107230912251,0.232892769087749,663,761,914,1095,1328,15.44,462.37
34035,Somerset,2005,113561,93736,19825,0.825424221343595,0.1745757786564049,992,1029,1210,1518,1791,16.46,802.8
34037,Sussex,2005,55173,46764,8409,0.8475884943722473,0.1524115056277527,735,891,1020,1242,1403,14.53,794.92
34039,Union,2005,182478,119114,63364,0.6527581407073729,0.3472418592926271,735,891,1020,1242,1403,16.4,891.98
34041,Warren,2005,43264,31427,11837,0.7264007026627219,0.2735992973372781,735,891,1020,1242,1403,13.55,700.59
34001,Atlantic,2006,103504,70698,32806,0.6830460658525275,0.3169539341474726,704,775,925,1173,1315,12.56,868.49
34003,Bergen,2006,333469,226828,106641,0.6802071556876351,0.3197928443123649,875,979,1098,1356,1561,8.07,1028.82
34005,Burlington,2006,163226,128053,35173,0.7845134966243124,0.2154865033756877,649,742,886,1061,1262,9.03,753.88
34007,Camden,2006,189498,134155,55343,0.70794942426833,0.29205057573167,649,742,886,1061,1262,10.25,601.22
34009,Cape May,2006,45715,33571,12144,0.7343541507163951,0.2656458492836049,623,636,800,1048,1079,10.88,1054.61
34011,Cumberland,2006,50047,33336,16711,0.6660938717605451,0.3339061282394549,674,676,852,1035,1091,14.74,615.03
34013,Essex,2006,278863,133992,144871,0.4804940060172916,0.5195059939827084,719,879,1004,1202,1329,8.77,1024.7
34015,Gloucester,2006,99275,81394,17881,0.8198841601611685,0.1801158398388315,649,742,886,1061,1262,10.02,669.24
34017,Hudson,2006,223451,76700,146751,0.3432519881316261,0.6567480118683738,884,934,1090,1321,1422,14.53,1040.86
34019,Hunterdon,2006,45428,39999,5429,0.8804922074491504,0.1195077925508497,973,1009,1187,1490,1757,6.37,891.01
34021,Mercer,2006,127216,87262,39954,0.6859357313545466,0.3140642686454534,739,850,1022,1221,1371,7.74,883.19
34023,Middlesex,2006,270292,181635,88657,0.6719954715640862,0.3280045284359137,973,1009,1187,1490,1757,8.63,762.73
34025,Monmouth,2006,229938,177418,52520,0.7715906026842019,0.2284093973157981,940,1003,1133,1406,1556,7.61,979.04
34027,Morris,2006,174256,133762,40494,0.7676177577816545,0.2323822422183454,719,879,1004,1202,1329,7.05,1046.58
34029,Ocean,2006,221630,183953,37677,0.8300004512024546,0.1699995487975454,940,1003,1133,1406,1556,8.6,909.48
34031,Passaic,2006,159398,87811,71587,0.5508914791904541,0.4491085208095459,875,979,1098,1356,1561,8.46,937.13
34033,Salem,2006,24621,17534,7087,0.7121562893464928,0.2878437106535071,649,742,886,1061,1262,10.41,510.53
34035,Somerset,2006,114164,90441,23723,0.7922024456045689,0.2077975543954311,973,1009,1187,1490,1757,7.21,860.68
34037,Sussex,2006,54811,46096,8715,0.8409990695298389,0.1590009304701611,719,879,1004,1202,1329,7.46,854.24
34039,Union,2006,185201,114852,70349,0.6201478393745175,0.3798521606254826,719,879,1004,1202,1329,9.45,976.29
34041,Warren,2006,41487,30818,10669,0.742835104972642,0.2571648950273579,763,854,999,1196,1231,8.75,761.92
34001,Atlantic,2007,103197,72038,31159,0.6980629281858969,0.3019370718141031,734,808,964,1222,1371,-0.67,862.63
34003,Bergen,2007,331529,229885,101644,0.6934084197762488,0.3065915802237511,927,1037,1163,1436,1654,-0.58,1022.83
34005,Burlington,2007,166164,128970,37194,0.7761609012782552,0.2238390987217448,676,773,923,1105,1314,0.15,754.99
34007,Camden,2007,194073,134491,59582,0.6929918123592669,0.3070081876407331,676,773,923,1105,1314,1.79,611.95
34009,Cape May,2007,46717,33841,12876,0.7243829869212493,0.2756170130787507,650,663,834,1093,1125,-2.96,1023.37
34011,Cumberland,2007,50885,35370,15515,0.6950967868723592,0.3049032131276407,703,706,889,1080,1138,3.52,636.71
34013,Essex,2007,274095,131375,142720,0.4793046206607198,0.5206953793392802,761,930,1063,1272,1407,1.11,1036.06
34015,Gloucester,2007,100042,80363,19679,0.8032926171008177,0.1967073828991823,676,773,923,1105,1314,1.71,680.66
34017,Hudson,2007,228826,80109,148717,0.3500869656420162,0.6499130343579838,936,989,1154,1399,1506,1.42,1055.65
34019,Hunterdon,2007,47446,41622,5824,0.8772499262319268,0.1227500737680731,1031,1068,1257,1578,1860,-1.63,876.45
34021,Mercer,2007,128026,89546,38480,0.6994360520519269,0.300563947948073,784,902,1084,1295,1454,-1.26,872.03
34023,Middlesex,2007,271942,182242,89700,0.6701502526273985,0.3298497473726015,1031,1068,1257,1578,1860,-1.03,754.85
34025,Monmouth,2007,232730,174955,57775,0.7517509560434839,0.2482490439565161,830,958,1170,1525,1654,-1.47,964.61
34027,Morris,2007,175099,133747,41352,0.7638364582322,0.2361635417677999,761,930,1063,1272,1407,-1.17,1034.35
34029,Ocean,2007,222473,184003,38470,0.8270801400619401,0.1729198599380599,830,958,1170,1525,1654,-1.74,893.66
34031,Passaic,2007,158192,88013,70179,0.5563682107818347,0.4436317892181652,927,1037,1163,1436,1654,-0.49,932.52
34033,Salem,2007,25525,19888,5637,0.7791576885406464,0.2208423114593535,676,773,923,1105,1314,4.93,535.69
34035,Somerset,2007,112733,90834,21899,0.8057445468496358,0.1942554531503641,1031,1068,1257,1578,1860,-2.15,842.19
34037,Sussex,2007,54524,46162,8362,0.8466363436284938,0.1533636563715061,761,930,1063,1272,1407,0.58,859.19
34039,Union,2007,182933,109362,73571,0.5978254333553815,0.4021745666446185,761,930,1063,1272,1407,0.42,980.39
34041,Warren,2007,42759,32182,10577,0.752636871769686,0.2473631282303141,802,898,1050,1257,1294,-2.13,745.66
34001,Atlantic,2008,101076,73110,27966,0.7233171079187938,0.2766828920812062,786,866,1033,1310,1469,-5.51,815.09
34003,Bergen,2008,331701,225394,106307,0.6795095583070295,0.3204904416929705,1001,1120,1256,1551,1786,-3.86,983.31
34005,Burlington,2008,165184,130118,35066,0.7877155172413793,0.2122844827586207,682,781,932,1116,1327,-4.2,723.31
34007,Camden,2008,191668,132436,59232,0.690965628065196,0.3090343719348039,682,781,932,1116,1327,-3.84,588.45
34009,Cape May,2008,47356,35975,11381,0.7596714249514317,0.2403285750485683,697,712,895,1172,1207,-4.09,981.55
34011,Cumberland,2008,51264,35093,16171,0.6845544631710362,0.3154455368289638,756,759,956,1162,1224,-4.77,606.34
34013,Essex,2008,279297,129621,149676,0.4640973587256576,0.5359026412743424,790,965,1103,1320,1460,-3.83,996.42
34015,Gloucester,2008,102002,81322,20680,0.7972588772769161,0.2027411227230838,682,781,932,1116,1327,-3.38,657.66
34017,Hudson,2008,234638,82951,151687,0.353527561605537,0.646472438394463,967,1022,1192,1445,1556,-4.21,1011.23
34019,Hunterdon,2008,47797,41231,6566,0.8626273615498881,0.1373726384501119,1099,1139,1340,1682,1983,-5.2,830.89
34021,Mercer,2008,127905,86375,41530,0.6753058910910441,0.3246941089089559,810,932,1120,1338,1502,-4.53,832.51
34023,Middlesex,2008,275089,183995,91094,0.6688562610646009,0.3311437389353991,1099,1139,1340,1682,1983,-4.86,718.16
34025,Monmouth,2008,230530,175924,54606,0.763128443152735,0.236871556847265,887,1025,1251,1630,1769,-4.36,922.52
34027,Morris,2008,176084,133595,42489,0.7587003929942527,0.2412996070057472,790,965,1103,1320,1460,-4.36,989.22
34029,Ocean,2008,221974,181757,40217,0.8188211231946084,0.1811788768053916,887,1025,1251,1630,1769,-5.6,843.58
34031,Passaic,2008,155533,89413,66120,0.5748812149190204,0.4251187850809796,1001,1120,1256,1551,1786,-5.39,882.24
34033,Salem,2008,24292,17517,6775,0.7211015972336572,0.2788984027663428,682,781,932,1116,1327,-2.92,520.06
34035,Somerset,2008,111280,89003,22277,0.7998112868439972,0.2001887131560028,1099,1139,1340,1682,1983,-4.42,804.96
34037,Sussex,2008,55621,47097,8524,0.8467485302313874,0.1532514697686125,790,965,1103,1320,1460,-5.87,808.73
34039,Union,2008,181121,110906,70215,0.6123309831549075,0.3876690168450925,790,965,1103,1320,1460,-5.24,929.04
34041,Warren,2008,42600,31141,11459,0.7310093896713615,0.2689906103286385,769,861,1007,1205,1241,-5.3,706.16
34001,Atlantic,2009,101681,71846,29835,0.7065823506849854,0.2934176493150146,813,895,1068,1354,1519,-10.26,731.47
34003,Bergen,2009,336555,221717,114838,0.6587838540506009,0.3412161459493991,995,1114,1249,1543,1776,-7.76,906.97
34005,Burlington,2009,166769,129454,37315,0.7762473841061588,0.2237526158938411,736,842,1005,1203,1431,-7.86,666.48
34007,Camden,2009,192758,133895,58863,0.6946274603388705,0.3053725396611295,736,842,1005,1203,1431,-7.54,544.09
34009,Cape May,2009,46989,31715,15274,0.6749451999404116,0.3250548000595884,719,734,923,1209,1245,-6.85,914.36
34011,Cumberland,2009,51597,34941,16656,0.6771905343333915,0.3228094656666085,779,782,985,1197,1261,-8.19,556.71
34013,Essex,2009,275365,127336,148029,0.4624262342708768,0.5375737657291232,869,1061,1213,1452,1606,-8.24,914.35
34015,Gloucester,2009,101728,82227,19501,0.8083025322428437,0.1916974677571563,736,842,1005,1203,1431,-8.19,603.77
34017,Hudson,2009,232745,77368,155377,0.3324153043029925,0.6675846956970074,989,1045,1219,1477,1591,-14.73,862.24
34019,Hunterdon,2009,46662,39498,7164,0.8464703613218465,0.1535296386781535,1106,1147,1349,1693,1997,-7.65,767.3
34021,Mercer,2009,125904,83419,42485,0.6625603634515186,0.3374396365484813,833,958,1152,1377,1545,-8.23,764.02
34023,Middlesex,2009,272122,181798,90324,0.6680753485568973,0.3319246514431027,1106,1147,1349,1693,1997,-8.13,659.8
34025,Monmouth,2009,231172,172360,58812,0.7455920267160383,0.2544079732839617,895,1034,1263,1646,1786,-7.61,852.32
34027,Morris,2009,175368,134254,41114,0.7655558596779344,0.2344441403220656,869,1061,1213,1452,1606,-7.64,913.61
34029,Ocean,2009,217045,177786,39259,0.8191204588910134,0.1808795411089866,895,1034,1263,1646,1786,-7.97,776.34
34031,Passaic,2009,159056,88986,70070,0.559463333668645,0.440536666331355,995,1114,1249,1543,1776,-8.91,803.66
34033,Salem,2009,25842,19049,6793,0.7371333488120114,0.2628666511879885,736,842,1005,1203,1431,-7.65,480.29
34035,Somerset,2009,115121,88347,26774,0.7674273156070569,0.232572684392943,1106,1147,1349,1693,1997,-7.41,745.28
34037,Sussex,2009,55266,46913,8353,0.8488582491948033,0.1511417508051966,869,1061,1213,1452,1606,-10.04,727.54
34039,Union,2009,183648,113582,70066,0.6184766509844921,0.3815233490155079,869,1061,1213,1452,1606,-9.24,843.2
34041,Warren,2009,41533,30060,11473,0.7237618279440445,0.2762381720559555,790,884,1034,1238,1274,-9.31,640.4
34001,Atlantic,2010,100096,73515,26581,0.7344449328644501,0.2655550671355499,838,923,1101,1396,1566,-5.57,690.72
34003,Bergen,2010,333002,220179,112823,0.6611942270616993,0.3388057729383006,1099,1230,1379,1703,1961,-3.36,876.54
34005,Burlington,2010,163961,129352,34609,0.7889193161788474,0.2110806838211525,803,915,1095,1339,1615,-4.34,637.57
34007,Camden,2010,189895,127365,62530,0.6707127623160167,0.3292872376839832,803,915,1095,1339,1615,-4.43,520.0
34009,Cape May,2010,42763,32537,10226,0.7608680401281481,0.2391319598718518,741,756,951,1246,1283,-4.9,869.52
34011,Cumberland,2010,50237,33219,17018,0.6612456954037861,0.338754304596214,802,805,1014,1232,1298,-4.52,531.55
34013,Essex,2010,275417,127663,147754,0.4635262166097227,0.5364737833902773,916,1119,1279,1531,1693,-2.91,887.76
34015,Gloucester,2010,104782,83913,20869,0.8008341127292856,0.1991658872707144,803,915,1095,1339,1615,-4.74,575.17
34017,Hudson,2010,238692,80579,158113,0.3375856752635195,0.6624143247364804,995,1052,1227,1487,1601,-6.5,806.2
34019,Hunterdon,2010,47550,40191,7359,0.8452365930599369,0.1547634069400631,1155,1198,1409,1768,2085,-4.14,735.55
34021,Mercer,2010,131500,88812,42688,0.6753764258555133,0.3246235741444866,873,1005,1208,1444,1620,-2.67,743.62
34023,Middlesex,2010,278877,185748,93129,0.6660570789272691,0.333942921072731,1155,1198,1409,1768,2085,-3.12,639.22
34025,Monmouth,2010,234582,176443,58139,0.7521591596968225,0.2478408403031775,901,1041,1271,1656,1797,-4.2,816.52
34027,Morris,2010,177786,137596,40190,0.7739417051961347,0.2260582948038653,916,1119,1279,1531,1693,-3.43,882.29
34029,Ocean,2010,220972,180097,40875,0.8150218127183535,0.1849781872816465,901,1041,1271,1656,1797,-5.02,737.33
34031,Passaic,2010,161527,87721,73806,0.5430732942480204,0.4569267057519795,1099,1230,1379,1703,1961,-4.02,771.36
34033,Salem,2010,24898,17356,7542,0.6970841031408145,0.3029158968591854,803,915,1095,1339,1615,-6.18,450.59
34035,Somerset,2010,115913,93582,22331,0.8073468894774529,0.192653110522547,1155,1198,1409,1768,2085,-2.69,725.25
34037,Sussex,2010,54881,46489,8392,0.8470873344144604,0.1529126655855396,916,1119,1279,1531,1693,-5.3,689.0
34039,Union,2010,183882,112626,71256,0.6124906189839135,0.3875093810160864,916,1119,1279,1531,1693,-2.6,821.28
34041,Warren,2010,41208,31745,9463,0.7703601242477189,0.2296398757522811,796,891,1042,1247,1284,-6.27,600.26
34001,Atlantic,2011,99762,66755,33007,0.6691425592911129,0.3308574407088872,837,922,1100,1395,1564,-5.32,653.95
34003,Bergen,2011,329544,212148,117396,0.6437622897094166,0.3562377102905834,1195,1307,1494,1884,2281,-3.26,847.96
34005,Burlington,2011,164760,127371,37389,0.7730699198834668,0.2269300801165331,789,900,1077,1317,1589,-5.8,600.57
34007,Camden,2011,185691,125784,59907,0.6773833949949108,0.3226166050050891,789,900,1077,1317,1589,-5.69,490.39
34009,Cape May,2011,41082,30796,10286,0.7496227058078964,0.2503772941921036,739,754,949,1243,1280,-4.29,832.21
34011,Cumberland,2011,49716,34269,15447,0.6892951967173546,0.3107048032826454,799,802,1010,1227,1293,-4.99,505.02
34013,Essex,2011,273399,123007,150392,0.4499175198153614,0.5500824801846386,883,1079,1233,1476,1632,-3.8,854.07
34015,Gloucester,2011,103725,82427,21298,0.7946685948421306,0.2053314051578693,789,900,1077,1317,1589,-5.9,541.26
34017,Hudson,2011,243850,79974,163876,0.3279639122411318,0.6720360877588681,976,1031,1203,1458,1570,-3.9,774.73
34019,Hunterdon,2011,46741,39847,6894,0.8525063648616846,0.1474936351383154,1188,1232,1449,1818,2145,-3.48,709.94
34021,Mercer,2011,130756,85864,44892,0.6566734987304598,0.3433265012695402,885,1018,1224,1463,1641,-4.41,710.82
34023,Middlesex,2011,278920,181221,97699,0.6497239351785459,0.3502760648214542,1188,1232,1449,1818,2145,-4.23,612.18
34025,Monmouth,2011,231198,175250,55948,0.758008287268921,0.241991712731079,949,1097,1339,1745,1893,-3.88,784.84
34027,Morris,2011,182745,135385,47360,0.7408410626829736,0.2591589373170264,883,1079,1233,1476,1632,-3.89,848.01
34029,Ocean,2011,222079,177659,44420,0.7999810878110942,0.2000189121889057,949,1097,1339,1745,1893,-4.76,702.2
34031,Passaic,2011,163192,87579,75613,0.5366623363890387,0.4633376636109613,1195,1307,1494,1884,2281,-5.58,728.32
34033,Salem,2011,24656,17534,7122,0.711145360155743,0.2888546398442569,789,900,1077,1317,1589,-4.09,432.16
34035,Somerset,2011,114323,87589,26734,0.7661537923252539,0.2338462076747461,1188,1232,1449,1818,2145,-2.98,703.67
34037,Sussex,2011,54746,45764,8982,0.8359332188653052,0.1640667811346947,883,1079,1233,1476,1632,-5.51,651.01
34039,Union,2011,184598,111620,72978,0.6046652726465076,0.3953347273534924,883,1079,1233,1476,1632,-3.01,796.57
34041,Warren,2011,42146,32637,9509,0.7743795377971813,0.2256204622028187,794,888,1039,1244,1280,-6.06,563.92
34001,Atlantic,2012,100065,64897,35168,0.6485484435117174,0.3514515564882826,852,939,1120,1420,1593,-5.71,616.62
34003,Bergen,2012,336856,219807,117049,0.6525251145890232,0.3474748854109768,1212,1326,1515,1910,2313,-2.54,826.39
34005,Burlington,2012,164819,126351,38468,0.7666045783556508,0.2333954216443492,788,899,1075,1315,1586,-3.97,576.74
34007,Camden,2012,185477,126421,59056,0.6815993357666988,0.3184006642333011,788,899,1075,1315,1586,-5.16,465.1
34009,Cape May,2012,40470,29689,10781,0.7336051396095874,0.2663948603904126,841,858,1079,1413,1456,-2.01,815.5
34011,Cumberland,2012,50068,34006,16062,0.6791962930414636,0.3208037069585364,804,807,1017,1236,1302,-3.73,486.16
34013,Essex,2012,279102,126170,152932,0.4520569540884694,0.5479430459115305,923,1128,1289,1543,1707,-2.69,831.13
34015,Gloucester,2012,104691,85156,19535,0.8134032533837675,0.1865967466162325,788,899,1075,1315,1586,-5.53,511.32
34017,Hudson,2012,249028,79888,169140,0.3207992675522431,0.6792007324477569,1027,1085,1266,1534,1652,-5.1,735.23
34019,Hunterdon,2012,47227,38620,8607,0.8177525568001355,0.1822474431998645,1086,1125,1324,1662,1960,-3.7,683.68
34021,Mercer,2012,132004,86024,45980,0.6516772219023665,0.3483227780976334,916,1054,1267,1514,1699,-4.48,678.97
34023,Middlesex,2012,283337,187331,96006,0.661159679110035,0.3388403208899649,1086,1125,1324,1662,1960,-4.02,587.57
34025,Monmouth,2012,236447,177977,58470,0.7527141388979348,0.2472858611020651,1005,1161,1417,1846,2004,-2.94,761.77
34027,Morris,2012,179876,136458,43418,0.7586226066846049,0.241377393315395,923,1128,1289,1543,1707,-2.56,826.33
34029,Ocean,2012,223599,182764,40835,0.8173739596330931,0.1826260403669068,1005,1161,1417,1846,2004,-4.49,670.7
34031,Passaic,2012,163712,86544,77168,0.528635652853792,0.4713643471462079,1212,1326,1515,1910,2313,-4.32,696.88
34033,Salem,2012,24861,17598,7263,0.7078556775672741,0.292144322432726,788,899,1075,1315,1586,-4.71,411.79
34035,Somerset,2012,116840,89911,26929,0.7695224238274564,0.2304775761725436,1086,1125,1324,1662,1960,-2.11,688.79
34037,Sussex,2012,54179,46098,8081,0.8508462688495543,0.1491537311504457,923,1128,1289,1543,1707,-6.12,611.18
34039,Union,2012,184879,109258,75621,0.5909703103110683,0.4090296896889316,923,1128,1289,1543,1707,-2.86,773.82
34041,Warren,2012,41262,30513,10749,0.7394939653918859,0.260506034608114,849,950,1111,1330,1369,-7.51,521.58
34001,Atlantic,2013,101721,67645,34076,0.6650052594842756,0.3349947405157243,815,944,1173,1622,1885,0.05,616.95
34003,Bergen,2013,338063,218300,119763,0.6457376287851673,0.3542623712148327,1132,1223,1450,1878,2130,0.63,831.57
34005,Burlington,2013,162245,127368,34877,0.7850349779654227,0.2149650220345773,788,929,1119,1394,1496,-0.22,575.5
34007,Camden,2013,185774,122583,63191,0.6598501404932875,0.3401498595067124,788,929,1119,1394,1496,0.05,465.35
34009,Cape May,2013,38210,30288,7922,0.792672075372939,0.2073279246270609,606,756,1019,1442,1517,0.1,816.34
34011,Cumberland,2013,50066,31524,18542,0.6296488635001798,0.3703511364998202,769,888,1094,1405,1761,-2.1,475.95
34013,Essex,2013,277102,124505,152597,0.4493110840051678,0.5506889159948323,971,1007,1202,1550,1772,0.63,836.34
34015,Gloucester,2013,103864,80754,23110,0.7774974967264885,0.2225025032735115,788,929,1119,1394,1496,0.39,513.31
34017,Hudson,2013,247490,75428,172062,0.3047719099761606,0.6952280900238393,1014,1115,1322,1682,1857,2.52,753.74
34019,Hunterdon,2013,45792,39090,6702,0.8536425576519916,0.1463574423480083,904,1153,1420,1843,2417,0.04,683.93
34021,Mercer,2013,131623,84223,47400,0.6398805679858384,0.3601194320141616,886,1001,1206,1577,1823,0.25,680.63
34023,Middlesex,2013,283211,179511,103700,0.6338419058581765,0.3661580941418236,904,1153,1420,1843,2417,0.95,593.14
34025,Monmouth,2013,232158,171083,61075,0.736924852901903,0.263075147098097,961,1135,1410,1955,2299,1.38,772.25
34027,Morris,2013,178951,135135,43816,0.7551508513503696,0.2448491486496303,971,1007,1202,1550,1772,0.56,830.96
34029,Ocean,2013,217698,174290,43408,0.8006045071612968,0.1993954928387031,961,1135,1410,1955,2299,0.86,676.44
34031,Passaic,2013,161331,86520,74811,0.53628874797776,0.46371125202224,1132,1223,1450,1878,2130,-0.54,693.15
34033,Salem,2013,24280,17055,7225,0.7024299835255354,0.2975700164744645,788,929,1119,1394,1496,0.14,412.37
34035,Somerset,2013,112974,87926,25048,0.7782852691769788,0.2217147308230212,904,1153,1420,1843,2417,0.32,690.97
34037,Sussex,2013,54765,45727,9038,0.8349675887884598,0.1650324112115402,971,1007,1202,1550,1772,-1.15,604.15
34039,Union,2013,186951,106359,80592,0.5689137795465122,0.4310862204534878,971,1007,1202,1550,1772,0.4,776.9
34041,Warren,2013,41870,28909,12961,0.690446620491999,0.3095533795080009,659,884,1078,1409,1571,0.44,523.86
34001,Atlantic,2014,101937,67981,33956,0.6668922962221765,0.3331077037778235,792,917,1139,1575,1830,-0.79,612.07
34003,Bergen,2014,337469,212605,124864,0.6299986072794834,0.3700013927205166,1094,1182,1402,1816,2059,3.33,859.29
34005,Burlington,2014,165424,124823,40601,0.7545640294032305,0.2454359705967695,799,942,1135,1414,1518,1.89,586.39
34007,Camden,2014,188064,125909,62155,0.6695008082354943,0.3304991917645057,799,942,1135,1414,1518,1.61,472.82
34009,Cape May,2014,40779,30995,9784,0.7600725863802448,0.2399274136197552,610,761,1025,1451,1526,-1.58,803.42
34011,Cumberland,2014,50593,31321,19272,0.6190777380269998,0.3809222619730002,753,870,1071,1375,1724,-1.15,470.46
34013,Essex,2014,277735,121379,156356,0.4370317028822438,0.5629682971177561,1022,1059,1265,1632,1865,5.0,878.13
34015,Gloucester,2014,104305,81414,22891,0.7805378457408562,0.2194621542591438,799,942,1135,1414,1518,2.11,524.15
34017,Hudson,2014,253300,74355,178945,0.2935452033162258,0.7064547966837742,990,1089,1291,1643,1813,5.0,791.43
34019,Hunterdon,2014,47387,39485,7902,0.8332454048578725,0.1667545951421276,928,1184,1458,1892,2482,2.36,700.05
34021,Mercer,2014,131564,83605,47959,0.6354701894135174,0.3645298105864826,900,1017,1225,1602,1852,1.1,688.13
34023,Middlesex,2014,282860,176428,106432,0.6237290532418864,0.3762709467581135,928,1184,1458,1892,2482,3.64,614.74
34025,Monmouth,2014,230391,168331,62060,0.7306318389173189,0.2693681610826812,917,1083,1345,1865,2193,4.28,805.27
34027,Morris,2014,179654,132204,47450,0.7358811938504013,0.2641188061495986,1022,1059,1265,1632,1865,2.86,854.75
34029,Ocean,2014,220941,177605,43336,0.8038571383310477,0.1961428616689523,917,1083,1345,1865,2193,3.86,702.57
34031,Passaic,2014,159309,84257,75052,0.5288903953951126,0.4711096046048874,1094,1182,1402,1816,2059,2.55,710.81
34033,Salem,2014,23832,16773,7059,0.7038016112789527,0.2961983887210473,799,942,1135,1414,1518,-1.68,405.46
34035,Somerset,2014,117482,86722,30760,0.7381726562367001,0.2618273437632999,928,1184,1458,1892,2482,2.78,710.19
34037,Sussex,2014,54174,44936,9238,0.829475394100491,0.170524605899509,1022,1059,1265,1632,1865,0.95,609.89
34039,Union,2014,186037,110224,75813,0.592484290759365,0.4075157092406349,1022,1059,1265,1632,1865,2.8,798.64
34041,Warren,2014,41607,29710,11897,0.714062537553777,0.285937462446223,716,960,1171,1530,1707,2.54,537.19
34001,Atlantic,2015,101813,69152,32661,0.6792059953051182,0.3207940046948818,817,947,1176,1626,1890,-1.26,604.32
34003,Bergen,2015,336675,217086,119589,0.644793940744041,0.355206059255959,1070,1156,1371,1776,2014,2.62,881.81
34005,Burlington,2015,163505,119488,44017,0.7307911073055869,0.269208892694413,814,959,1156,1440,1546,1.84,597.16
34007,Camden,2015,185113,123985,61128,0.6697800802752913,0.3302199197247087,814,959,1156,1440,1546,1.15,478.27
34009,Cape May,2015,38708,29608,9100,0.7649064792807688,0.2350935207192311,668,833,1122,1588,1671,2.95,827.15
34011,Cumberland,2015,50380,32877,17503,0.6525803890432711,0.3474196109567288,784,905,1115,1432,1795,0.01,470.5
34013,Essex,2015,279874,118393,161481,0.4230225029834854,0.5769774970165146,1025,1063,1269,1637,1871,3.16,905.86
34015,Gloucester,2015,103876,81254,22622,0.7822211097847434,0.2177788902152566,814,959,1156,1440,1546,0.74,528.03
34017,Hudson,2015,255508,76341,179167,0.2987812514676644,0.7012187485323356,1009,1109,1315,1673,1847,6.17,840.25
34019,Hunterdon,2015,47057,38827,8230,0.8251057228467603,0.1748942771532396,952,1214,1495,1940,2545,0.87,706.1
34021,Mercer,2015,127965,80484,47481,0.6289532293986637,0.3710467706013363,932,1053,1269,1659,1919,1.64,699.38
34023,Middlesex,2015,280855,174162,106693,0.620113581741468,0.379886418258532,952,1214,1495,1940,2545,3.11,633.86
34025,Monmouth,2015,234365,172172,62193,0.7346318776267787,0.2653681223732212,936,1106,1373,1903,2239,2.52,825.58
34027,Morris,2015,179480,133438,46042,0.7434700245152663,0.2565299754847336,1025,1063,1269,1637,1871,2.06,872.34
34029,Ocean,2015,222497,174878,47619,0.7859791367973501,0.2140208632026499,936,1106,1373,1903,2239,2.42,719.59
34031,Passaic,2015,157309,82502,74807,0.5244582318875589,0.4755417681124411,1070,1156,1371,1776,2014,1.69,722.81
34033,Salem,2015,22747,17188,5559,0.7556161252033236,0.2443838747966764,814,959,1156,1440,1546,3.52,419.74
34035,Somerset,2015,117198,87249,29949,0.7444580965545488,0.2555419034454513,952,1214,1495,1940,2545,1.93,723.91
34037,Sussex,2015,53190,43479,9711,0.8174280879864636,0.1825719120135363,1025,1063,1269,1637,1871,0.85,615.06
34039,Union,2015,188035,107462,80573,0.5714999867046029,0.4285000132953971,1025,1063,1269,1637,1871,3.53,826.81
34041,Warren,2015,41813,29009,12804,0.6937794465835984,0.3062205534164016,687,921,1124,1469,1638,2.28,549.45
34001,Atlantic,2016,96777,65459,31318,0.6763900513551774,0.3236099486448226,797,900,1152,1599,1821,-0.71,600.06
34003,Bergen,2016,337227,214790,122437,0.6369300204313415,0.3630699795686585,1088,1228,1440,1859,2209,2.67,905.35
34005,Burlington,2016,165862,125711,40151,0.7579252631705876,0.2420747368294124,830,1003,1210,1502,1659,1.22,604.44
34007,Camden,2016,185512,125281,60231,0.6753255854068739,0.324674414593126,830,1003,1210,1502,1659,2.16,488.59
34009,Cape May,2016,38895,29822,9073,0.7667309422804988,0.2332690577195012,648,854,1051,1464,1673,0.45,830.86
34011,Cumberland,2016,50787,30879,19908,0.6080099237993974,0.3919900762006025,712,896,1129,1442,1659,2.46,482.07
34013,Essex,2016,280734,119868,160866,0.4269807005920195,0.5730192994079805,1044,1099,1324,1695,1922,3.04,933.43
34015,Gloucester,2016,105436,82966,22470,0.7868849349368338,0.2131150650631662,830,1003,1210,1502,1659,1.15,534.1
34017,Hudson,2016,253321,77485,175836,0.3058767334725506,0.6941232665274494,1076,1235,1460,1876,2032,8.8,914.17
34019,Hunterdon,2016,47195,39579,7616,0.8386269731963132,0.1613730268036868,992,1254,1578,2025,2512,1.79,718.74
34021,Mercer,2016,128332,80834,47498,0.6298818689025341,0.3701181310974659,863,1087,1328,1746,2023,1.83,712.15
34023,Middlesex,2016,283661,179257,104404,0.6319409435911175,0.3680590564088824,992,1254,1578,2025,2512,2.2,647.82
34025,Monmouth,2016,230769,166208,64561,0.7202353869020536,0.2797646130979464,904,1124,1417,1928,2245,2.87,849.3
34027,Morris,2016,181059,136087,44972,0.7516168762668523,0.2483831237331477,1044,1099,1324,1695,1922,1.61,886.36
34029,Ocean,2016,224308,175845,48463,0.7839443978814844,0.2160556021185156,904,1124,1417,1928,2245,3.47,744.53
34031,Passaic,2016,163868,83895,79973,0.511966949007738,0.4880330509922621,1088,1228,1440,1859,2209,2.83,743.3
34033,Salem,2016,24195,16273,7922,0.6725769787146104,0.3274230212853895,830,1003,1210,1502,1659,-1.06,415.31
34035,Somerset,2016,116169,86798,29371,0.7471700711893878,0.2528299288106121,992,1254,1578,2025,2512,2.26,740.26
34037,Sussex,2016,51978,42561,9417,0.818827196121436,0.181172803878564,1044,1099,1324,1695,1922,-0.29,613.27
34039,Union,2016,187922,110760,77162,0.5893934717595598,0.4106065282404402,1044,1099,1324,1695,1922,2.69,849.08
34041,Warren,2016,40512,29569,10943,0.7298825039494471,0.2701174960505529,812,1012,1223,1518,1825,-0.41,547.19
34001,Atlantic,2017,97618,62964,34654,0.6450039951648262,0.3549960048351738,912,1013,1310,1765,2010,-1.85,588.93
34003,Bergen,2017,338516,215927,122589,0.6378634983279963,0.3621365016720037,1178,1328,1557,2001,2362,2.83,931.0
34005,Burlington,2017,164248,123012,41236,0.7489406263698797,0.2510593736301203,845,1003,1211,1515,1686,1.61,614.17
34007,Camden,2017,190616,125863,64753,0.6602960926679817,0.3397039073320183,845,1003,1211,1515,1686,2.44,500.5
34009,Cape May,2017,39526,30613,8913,0.7745028588777008,0.2254971411222992,719,933,1133,1574,1942,2.98,855.64
34011,Cumberland,2017,50696,33559,17137,0.6619654410604386,0.3380345589395613,809,878,1130,1478,1688,2.24,492.85
34013,Essex,2017,284928,128910,156018,0.4524300876010781,0.5475699123989218,1007,1063,1288,1655,1886,3.85,969.35
34015,Gloucester,2017,105236,85189,20047,0.8095043521228477,0.1904956478771523,845,1003,1211,1515,1686,1.91,544.29
34017,Hudson,2017,251906,79978,171928,0.3174914452216303,0.6825085547783697,1151,1278,1519,1946,2094,8.13,988.52
34019,Hunterdon,2017,45967,37799,8168,0.8223073074161898,0.1776926925838101,1054,1296,1654,2109,2551,0.89,725.15
34021,Mercer,2017,128757,81741,47016,0.6348470374426245,0.3651529625573755,947,1109,1364,1793,2073,0.59,716.35
34023,Middlesex,2017,285446,181906,103540,0.6372693959628091,0.3627306040371909,1054,1296,1654,2109,2551,2.53,664.2
34025,Monmouth,2017,235727,175403,60324,0.7440938034251486,0.2559061965748514,951,1156,1484,2007,2320,3.25,876.94
34027,Morris,2017,180854,133490,47364,0.7381091930507481,0.2618908069492519,1007,1063,1288,1655,1886,1.44,899.13
34029,Ocean,2017,225847,180631,45216,0.7997936656231874,0.2002063343768126,951,1156,1484,2007,2320,2.81,765.46
34031,Passaic,2017,168397,87365,81032,0.518803779164712,0.481196220835288,1178,1328,1557,2001,2362,2.59,762.57
34033,Salem,2017,24801,16604,8197,0.6694891335026814,0.3305108664973186,845,1003,1211,1515,1686,0.68,418.14
34035,Somerset,2017,114812,88392,26420,0.7698846810437934,0.2301153189562066,1054,1296,1654,2109,2551,1.13,748.64
34037,Sussex,2017,53396,43930,9466,0.8227208030564087,0.1772791969435913,1007,1063,1288,1655,1886,2.12,626.27
34039,Union,2017,190138,110787,79351,0.5826662739694327,0.4173337260305673,1007,1063,1288,1655,1886,2.18,867.58
34041,Warren,2017,41366,29866,11500,0.7219939080404196,0.2780060919595803,795,927,1118,1399,1683,1.52,555.5
34001,Atlantic,2018,96981,66859,30122,0.6894030789536094,0.3105969210463905,890,1020,1312,1734,1985,4.51,615.47
34003,Bergen,2018,339953,220204,119749,0.6477483652151915,0.3522516347848085,1246,1439,1691,2161,2562,3.31,961.83
34005,Burlington,2018,166698,125628,41070,0.7536263182521686,0.2463736817478314,883,1047,1266,1587,1787,2.03,626.64
34007,Camden,2018,188840,125678,63162,0.6655263715314552,0.3344736284685448,883,1047,1266,1587,1787,3.78,519.44
34009,Cape May,2018,39208,31531,7677,0.804198122832075,0.1958018771679249,719,930,1127,1553,1867,4.54,894.51
34011,Cumberland,2018,50034,33770,16264,0.6749410400927369,0.3250589599072631,789,873,1155,1517,1782,1.4,499.77
34013,Essex,2018,289921,129988,159933,0.4483566212864884,0.5516433787135117,988,1082,1314,1685,1950,3.03,998.68
34015,Gloucester,2018,101414,81032,20382,0.7990218313053424,0.2009781686946575,883,1047,1266,1587,1787,1.43,552.07
34017,Hudson,2018,263924,87480,176444,0.3314590563950228,0.6685409436049772,1201,1351,1614,2042,2198,9.18,1079.25
34019,Hunterdon,2018,47733,39678,8055,0.831248821569983,0.1687511784300169,1040,1268,1627,2068,2474,1.6,736.76
34021,Mercer,2018,132980,83219,49761,0.6258008723116258,0.3741991276883742,893,1072,1329,1733,2008,2.53,734.46
34023,Middlesex,2018,285480,179541,105939,0.6289092055485498,0.3710907944514502,1040,1268,1627,2068,2474,3.59,688.04
34025,Monmouth,2018,236327,175902,60425,0.7443161382321952,0.2556838617678048,932,1126,1461,1978,2259,4.43,915.77
34027,Morris,2018,181738,133030,48708,0.7319878066227207,0.2680121933772794,988,1082,1314,1685,1950,3.11,927.08
34029,Ocean,2018,228622,182981,45641,0.8003647942892635,0.1996352057107365,932,1126,1461,1978,2259,3.66,793.48
34031,Passaic,2018,169521,88450,81071,0.5217642651942828,0.4782357348057173,1246,1439,1691,2161,2562,4.06,793.56
34033,Salem,2018,23952,16506,7446,0.689128256513026,0.3108717434869739,883,1047,1266,1587,1787,-1.88,410.27
34035,Somerset,2018,118729,91176,27553,0.7679336977486545,0.2320663022513455,1040,1268,1627,2068,2474,2.95,770.72
34037,Sussex,2018,53749,45399,8350,0.8446482725260005,0.1553517274739995,988,1082,1314,1685,1950,4.16,652.3
34039,Union,2018,192021,110647,81374,0.576223433895251,0.4237765661047489,988,1082,1314,1685,1950,3.53,898.21
34041,Warren,2018,41742,30249,11493,0.7246658042259595,0.2753341957740405,872,1020,1228,1540,1813,2.81,571.09
34001,Atlantic,2019,101975,67659,34316,0.663486148565825,0.336513851434175,858,1003,1279,1683,1913,5.57,649.77
34003,Bergen,2019,343733,222292,121441,0.6466996185993198,0.3533003814006801,1202,1425,1674,2111,2559,2.16,982.64
34005,Burlington,2019,170074,124607,45467,0.7326634288603784,0.2673365711396215,840,992,1200,1503,1715,3.31,647.36
34007,Camden,2019,187780,126990,60790,0.6762701033123868,0.3237298966876131,840,992,1200,1503,1715,3.52,537.72
34009,Cape May,2019,40939,30533,10406,0.7458169471652947,0.2541830528347052,772,998,1202,1634,1845,6.1,949.12
34011,Cumberland,2019,51360,33804,17556,0.6581775700934579,0.341822429906542,842,936,1229,1632,1939,3.97,519.59
34013,Essex,2019,295976,131638,164338,0.4447590345163121,0.5552409654836878,1042,1188,1447,1847,2159,3.44,1033.01
34015,Gloucester,2019,106705,83415,23290,0.7817346890961061,0.2182653109038939,840,992,1200,1503,1715,3.42,570.92
34017,Hudson,2019,266664,83332,183332,0.3124981249812498,0.6875018750187502,1178,1322,1573,1971,2126,5.09,1134.15
34019,Hunterdon,2019,47901,38527,9374,0.8043047118014238,0.1956952881985762,1148,1360,1746,2213,2600,2.01,751.56
34021,Mercer,2019,130851,81851,49000,0.6255282726154175,0.3744717273845824,897,1082,1361,1749,1995,3.02,756.66
34023,Middlesex,2019,285906,181453,104453,0.6346596433792925,0.3653403566207075,1148,1360,1746,2213,2600,4.12,716.38
34025,Monmouth,2019,240377,174634,65743,0.7265004555344313,0.2734995444655687,950,1137,1479,2013,2286,3.56,948.4
34027,Morris,2019,184885,132419,52466,0.7162235984530925,0.2837764015469075,1042,1188,1447,1847,2159,1.79,943.72
34029,Ocean,2019,226725,183046,43679,0.8073481089425516,0.1926518910574484,950,1137,1479,2013,2286,3.19,818.79
34031,Passaic,2019,168059,88200,79859,0.5248156897280122,0.4751843102719878,1202,1425,1674,2111,2559,4.07,825.84
34033,Salem,2019,24404,17467,6937,0.7157433207670874,0.2842566792329126,840,992,1200,1503,1715,4.24,427.69
34035,Somerset,2019,122606,91514,31092,0.7464071905126992,0.2535928094873008,1148,1360,1746,2213,2600,1.65,783.43
34037,Sussex,2019,54099,47108,6991,0.8707739514593615,0.1292260485406384,1042,1188,1447,1847,2159,4.15,679.36
34039,Union,2019,192848,111662,81186,0.5790155977764871,0.4209844022235128,1042,1188,1447,1847,2159,4.0,934.15
34041,Warren,2019,42397,29647,12750,0.699271174847277,0.3007288251527231,938,1069,1297,1625,1823,2.62,586.04
34001,Atlantic,2020,107137,71428,35708,0.6666977794786115,0.333292886677805,872,1028,1305,1745,1980,5.39,684.82
34003,Bergen,2020,347882,228197,119684,0.6559609292806181,0.3440361961814638,1151,1377,1623,2023,2481,2.51,1007.26
34005,Burlington,2020,172966,130374,42592,0.7537550732513905,0.2462449267486095,864,1013,1226,1528,1754,3.92,672.74
34007,Camden,2020,194469,129188,65282,0.6643115355146578,0.3356936066930976,864,1013,1226,1528,1754,5.03,564.74
34009,Cape May,2020,44900,34348,10552,0.764988864142539,0.235011135857461,814,1012,1250,1669,1708,6.37,1009.57
34011,Cumberland,2020,52622,34535,18086,0.6562844437687659,0.3436965527726046,853,960,1259,1670,1985,4.66,543.8
34013,Essex,2020,309214,137656,171558,0.4451803605270136,0.5548196394729863,1034,1218,1483,1891,2236,3.74,1071.6
34015,Gloucester,2020,109604,87047,22556,0.794195467318711,0.2057954089266815,864,1013,1226,1528,1754,4.63,597.35
34017,Hudson,2020,279332,88750,190582,0.3177222802972806,0.6822777197027193,1292,1439,1691,2107,2291,3.88,1178.15
34019,Hunterdon,2020,49596,41550,8047,0.8377691749334624,0.1622509879829018,1193,1382,1770,2228,2572,2.07,767.09
34021,Mercer,2020,137410,86336,51074,0.6283094389054654,0.3716905610945346,949,1128,1456,1814,2056,3.33,781.88
34023,Middlesex,2020,296868,190315,106554,0.6410761685328159,0.3589271999676623,1193,1382,1770,2228,2572,2.87,736.93
34025,Monmouth,2020,245558,182270,63288,0.7422686290000733,0.2577313709999267,1088,1270,1639,2251,2523,2.99,976.81
34027,Morris,2020,188866,138860,50006,0.7352302690796649,0.264769730920335,1034,1218,1483,1891,2236,1.77,960.41
34029,Ocean,2020,233730,188420,45311,0.8061438411842724,0.1938604372566636,1088,1270,1639,2251,2523,4.46,855.33
34031,Passaic,2020,172561,90180,82382,0.522597805993243,0.4774079890589415,1151,1377,1623,2023,2481,3.76,856.9
34033,Salem,2020,24688,17702,6986,0.7170285158781594,0.2829714841218406,864,1013,1226,1528,1754,3.83,444.08
34035,Somerset,2020,126772,96028,30744,0.7574858801628119,0.242514119837188,1193,1382,1770,2228,2572,1.89,798.24
34037,Sussex,2020,56433,49030,7402,0.8688178902415253,0.1311643896301809,1034,1218,1483,1891,2236,4.53,710.15
34039,Union,2020,197120,113341,83779,0.5749847808441558,0.4250152191558441,1034,1218,1483,1891,2236,3.06,962.71
34041,Warren,2020,44375,31833,12542,0.7173633802816901,0.2826366197183098,845,963,1171,1463,1641,5.26,616.88
34001,Atlantic,2021,112299,75198,37101,0.6696230598669624,0.3303769401330377,939,1108,1401,1919,2138,15.65,792.02
34003,Bergen,2021,352030,234102,117928,0.6650058233673266,0.3349941766326733,1253,1503,1768,2199,2724,7.71,1084.93
34005,Burlington,2021,175859,136141,39718,0.7741486076913892,0.2258513923086108,900,1040,1260,1567,1796,12.49,756.77
34007,Camden,2021,201158,131385,69773,0.6531433002913133,0.3468566997086867,900,1040,1260,1567,1796,13.72,642.24
34009,Cape May,2021,48860,38163,10697,0.7810683585755219,0.2189316414244781,898,1069,1361,1763,1846,15.59,1166.95
34011,Cumberland,2021,53883,35266,18617,0.6544921403782269,0.3455078596217731,929,1037,1353,1796,2086,15.64,628.85
34013,Essex,2021,322453,143674,178779,0.4455657103515861,0.5544342896484139,1129,1358,1643,2096,2498,9.82,1176.8
34015,Gloucester,2021,112502,90679,21823,0.8060212262893104,0.1939787737106895,900,1040,1260,1567,1796,14.48,683.87
34017,Hudson,2021,292000,94167,197833,0.3224897260273973,0.6775102739726028,1550,1686,1958,2435,2655,6.97,1260.29
34019,Hunterdon,2021,51292,44572,6720,0.8689854168291351,0.1310145831708648,1204,1371,1753,2187,2492,9.02,836.31
34021,Mercer,2021,143970,90821,53149,0.6308328123914705,0.3691671876085295,1015,1170,1539,1914,2107,10.1,860.82
34023,Middlesex,2021,307831,199177,108654,0.6470335996049781,0.3529664003950219,1204,1371,1753,2187,2492,10.12,811.54
34025,Monmouth,2021,250738,189905,60833,0.7573842018361796,0.2426157981638204,1126,1291,1652,2277,2524,11.69,1090.99
34027,Morris,2021,192847,145301,47546,0.7534522185981634,0.2465477814018367,1129,1358,1643,2096,2498,8.18,1038.97
34029,Ocean,2021,240736,193793,46943,0.8050021600425362,0.1949978399574637,1126,1291,1652,2277,2524,14.94,983.09
34031,Passaic,2021,177063,92159,84904,0.5204870582786918,0.4795129417213082,1253,1503,1768,2199,2724,10.05,943.01
34033,Salem,2021,24973,17937,7036,0.7182557161734674,0.2817442838265326,900,1040,1260,1567,1796,13.74,505.1
34035,Somerset,2021,130939,100542,30397,0.767853733417851,0.2321462665821489,1204,1371,1753,2187,2492,8.15,863.3
34037,Sussex,2021,58767,50953,7814,0.8670342198853098,0.1329657801146902,1129,1358,1643,2096,2498,13.43,805.52
34039,Union,2021,201392,115020,86372,0.5711249702073568,0.4288750297926432,1129,1358,1643,2096,2498,9.86,1057.66
34041,Warren,2021,46353,34019,12334,0.7339115051884452,0.2660884948115548,938,1037,1278,1590,1733,14.42,705.81
34001,Atlantic,2022,106972,74931,32041,0.700473020977452,0.2995269790225479,946,1107,1407,1972,2183,18.17,935.95
34003,Bergen,2022,354937,233045,121892,0.6565813087956455,0.3434186912043546,1237,1481,1736,2159,2691,10.31,1196.75
34005,Burlington,2022,176334,135057,41277,0.7659158188437851,0.2340841811562149,940,1071,1298,1605,1837,16.81,884.01
34007,Camden,2022,203530,134618,68912,0.6614160074681865,0.3385839925318135,940,1071,1298,1605,1837,17.77,756.4
34009,Cape May,2022,48563,37046,11517,0.762844140600869,0.237155859399131,973,1113,1465,1816,1987,19.34,1392.67
34011,Cumberland,2022,54961,36759,18202,0.6688197085205874,0.3311802914794127,970,1061,1377,1813,2025,15.84,728.49
34013,Essex,2022,321371,148132,173239,0.4609376701693681,0.5390623298306318,1017,1223,1479,1887,2249,12.13,1319.49
34015,Gloucester,2022,111781,90355,21426,0.8083216288993658,0.1916783711006342,940,1071,1298,1605,1837,17.7,804.93
34017,Hudson,2022,304526,98457,206069,0.3233122951734827,0.6766877048265173,1610,1711,1972,2438,2674,11.75,1408.43
34019,Hunterdon,2022,50515,43634,6881,0.8637830347421558,0.1362169652578442,1275,1455,1851,2288,2547,12.0,936.69
34021,Mercer,2022,144989,92391,52598,0.6372276517528916,0.3627723482471084,1072,1226,1613,1994,2187,16.5,1002.82
34023,Middlesex,2022,306950,199382,107568,0.6495585600260628,0.3504414399739371,1275,1455,1851,2288,2547,13.21,918.77
34025,Monmouth,2022,253767,193351,60416,0.7619233391260487,0.2380766608739513,1092,1230,1558,2142,2374,14.94,1253.98
34027,Morris,2022,194141,145497,48644,0.7494398401162042,0.2505601598837958,1017,1223,1479,1887,2249,12.3,1166.78
34029,Ocean,2022,241983,195515,46468,0.8079699813623271,0.1920300186376728,1092,1230,1558,2142,2374,19.43,1174.09
34031,Passaic,2022,179292,96083,83209,0.5359023269303705,0.4640976730696294,1237,1481,1736,2159,2691,13.09,1066.49
34033,Salem,2022,25221,18889,6332,0.7489393759168946,0.2510606240831053,940,1071,1298,1605,1837,17.82,595.1
34035,Somerset,2022,130178,100332,29846,0.7707293090998479,0.2292706909001521,1275,1455,1851,2288,2547,13.42,979.18
34037,Sussex,2022,58885,50049,8836,0.8499448076759786,0.1500551923240214,1017,1223,1479,1887,2249,13.56,914.73
34039,Union,2022,202575,115513,87062,0.5702233740589905,0.4297766259410095,1017,1223,1479,1887,2249,13.41,1199.49
34041,Warren,2022,45507,33959,11548,0.7462368426835432,0.2537631573164568,988,1113,1365,1687,1868,13.72,802.62
34001,Atlantic,2023,111158,74940,36218,0.6741754979398694,0.3258245020601306,1081,1257,1583,2240,2445,12.14,1049.61
34003,Bergen,2023,356438,231063,125375,0.6482557976422267,0.3517442023577733,1321,1579,1832,2275,2859,9.04,1304.93
34005,Burlington,2023,179477,137492,41985,0.766070304272971,0.2339296957270291,1081,1218,1470,1789,2079,11.92,989.35
34007,Camden,2023,201670,134076,67594,0.6648286805176774,0.3351713194823226,1081,1218,1470,1789,2079,12.74,852.75
34009,Cape May,2023,47516,39371,8145,0.828584055896961,0.1714159441030389,1046,1178,1551,1925,2084,11.37,1551.02
34011,Cumberland,2023,54482,36090,18392,0.6624206159832605,0.3375793840167395,1095,1143,1471,1941,2079,10.6,805.72
34013,Essex,2023,322456,146736,175720,0.455057434192572,0.544942565807428,1129,1338,1606,2038,2394,10.89,1463.12
34015,Gloucester,2023,113391,89768,23623,0.7916677690469262,0.2083322309530738,1081,1218,1470,1789,2079,12.97,909.31
34017,Hudson,2023,305743,88102,217641,0.2881570469315732,0.7118429530684267,1765,1821,2088,2578,2805,6.66,1502.24
34019,Hunterdon,2023,51186,43834,7352,0.8563669753448209,0.1436330246551791,1336,1515,1917,2333,2575,10.06,1030.91
34021,Mercer,2023,146258,88183,58075,0.6029277031000013,0.3970722968999986,1158,1321,1732,2108,2327,12.91,1132.27
34023,Middlesex,2023,311100,196353,114747,0.6311571841851494,0.3688428158148505,1336,1515,1917,2333,2575,11.01,1019.94
34025,Monmouth,2023,252995,188381,64614,0.7446036482934445,0.2553963517065554,1146,1279,1602,2193,2441,11.16,1393.91
34027,Morris,2023,193192,144520,48672,0.7480641020332105,0.2519358979667895,1129,1338,1606,2038,2394,10.05,1284.07
34029,Ocean,2023,245827,197440,48387,0.8031664544578098,0.1968335455421902,1146,1279,1602,2193,2441,10.42,1296.4
34031,Passaic,2023,178277,97018,81259,0.5441980737840552,0.4558019262159448,1321,1579,1832,2275,2859,8.67,1158.97
34033,Salem,2023,25207,18245,6962,0.7238068790415361,0.2761931209584639,1081,1218,1470,1789,2079,12.69,670.64
34035,Somerset,2023,132047,98372,33675,0.7449771672207623,0.2550228327792377,1336,1515,1917,2333,2575,9.33,1070.57
34037,Sussex,2023,58679,49903,8776,0.8504405323880775,0.1495594676119225,1129,1338,1606,2038,2394,11.81,1022.77
34039,Union,2023,206095,121379,84716,0.5889468449016231,0.411053155098377,1129,1338,1606,2038,2394,10.05,1319.97
34041,Warren,2023,45263,34186,11077,0.7552747277025385,0.2447252722974615,1147,1268,1530,1897,2189,10.56,887.4
